Topic_Num,Topic_Perc_Contrib,Keywords,Text
0.0,0.2778,"model, predict, indicator, predictive, regression, accurately, sensitivity, cohort, score, base"," A predictive HNC-LL (Hypertension‚ÄìNeutrophil count‚ÄìC-reactive protein‚Äì Lymphocyte count‚Äì  Lactate dehydrogenase) score was established based on multivariate logistic regression analysis results. The HNC-LL score accurately predicted disease severity in the Honghu training cohort (area under the curve [AUC] = 0.861, 95% confidence interval [CI]: 0.800‚Äì0.922;  P  &lt;0.001); the Honghu internal validation cohort (AUC = 0.871, 95% CI: 0.769‚Äì0.972;  P  &lt;0.001); and the Nanchang external validation cohort (AUC = 0.826, 95% CI: 0.746‚Äì0.907;  P  &lt;0.001), and outperformed other models including the CURB-65 score model, MuLBSTA score model, and neutrophil-to-lymphocyte ratio model. Moreover, the clinical significance of HNC-LL in accurately predicting patients with severe COVID-19 in the early phase was confirmed.  "
1.0,0.3655,"level, crp, elevate, dimer, correlation, range, significant, lactate_dehydrogenase, normal, ferritin"," IL-6 levels were significantly high in hospitalized patients compared with healthy individuals (P &lt; 0.001). The IL-6 level was approximately ten-fold of the normal range in 23.7% of the patients and more than 50% of them signify IL-6 over three-fold of normal range. The levels of BS, LDL, VLDL, ALP, TSH, CRP, platelets, neutrophils, and monocytes were significantly different between patients with diverse levels of IL-6. The values of triglyceride, LDL, VLDL, red blood cells and platelets showed an indirect linear trend and the levels of lactate dehydrogenase, serum glutamic oxaloacetic transaminase, creatine phosphokinase, dehydroepiandrosterone sulfate, and CRP demonstrated a direct linear trend with elevating rate of IL-6. Furthermore, IL-6 levels had a significant and direct correlation with troponin I, CRP, ferritin and pro-calcitonin while it had a significant and indirect correlation with VLDL. A hazardous level of IL-6 probably threatening the critical health factors and has a crucial role in immune-mediated acute lung injury in CIOVID-19 patients."
2.0,0.1325,"covid, role, play, study, situation, linear, case, utilize, youtube, distribution"," Over one-quarter of most viewed YouTube videos on COVID-19 contained misleading information, reaching millions of viewers worldwide. As the current COVID-19 pandemic worsens, public health agencies must better utilize YouTube to deliver timely and accurate information and to minimize the spread of misinformation. This may play a significant role in successfully managing the COVID-19 pandemic.  "
3.0,0.2848,"positive, negative, swab, show, throat, median, sample, stool, specimen, tract","  As the largest stool samples and the longest monitoring time so far, our study demonstrated that in spite of the virus harbour in the respiratory tract earlier than intestinal tract as 106 patients (77%) showed the first throat swab virus positive and only 22 patients (16%) showed the first stool virus positive in the first 10 days after their disease onset respectively, however, SARS-CoV-2 would harbour in the both respiratory tract and intestinal tract for 10-14 days. In addition, many patients appeared stool RNA positive when their swab RNA had turn negative and we suggested that both throat swabs and stool specimens are needed to absolutely confirm the elimination of the SARS-CoV-2.  "
4.0,0.1203,"system, national, information, process, point, great, occur, efficiency, cepe, diarrhea"," The baseline nomogram model can be employed at admission to identify the high-risk patients who might develop CEPE. During hospitalization, by monitoring the changes in the burning point indicators in the early warning system, clinicians can combine their respective weights to determine whether the patient has crossed the burning point. If so, CEPE will occur within five days. Hopefully, by using this early warning system, clinicians could intervene proactively before a CEPE develops, thereby avoiding irreversible disease progression and minimizing the likelihood of fatality."
5.0,0.238,"treatment, viral, antiviral, rna, corticosteroid, drug, body, therapy, clearance, antibiotic"," We examined 284 consecutive COVID-19 cases, accounting for 82% of confirmed cases in Guangzhou during this period. At the time of reporting (20th March 2020), 276 (97¬∑2%) had recovered and were discharged from hospital with a median hospital stay of 18 days (interquartile range [IQR]:13-24). Overall, 280 patients achieved viral RNA clearance with a median length of 12 days (IQR: 8-16) after onset of illness. Amongst them, 66¬∑1% had viral RNA cleared within 14 days, and 89¬∑3% within 21 days. Older age, severity of disease, time lag from illness onset to hospital admission, high body temperature, and corticosteroid use were associated with delayed clearance of viral RNA. None of the antiviral regimens (chloroquine, oseltamivir, arbidol, and lopinavir/ritonavir) improved viral RNA clearance. The use of lopinavir/ritonavir or the combination of two antiviral drugs was associated with delayed clearance of viral RNA after adjusting for confounders. "
6.0,0.1078,"disease, onset, chronic, ocular, control, syndrome, fatal, treat, clustering, common"," The Corona Virus Disease 2019 (COVID-19) infection was of clustering onset, and can cause severe respiratory disease and even death, especially for elderly patients with chronic disease. The mortality of ICU patients confirmed with COVID-19 was considerably high. The lymphocytes, especially T lymphocytes might be the main target of Corona Virus Disease 2019 (COVID-19) and related to the severity and mortality of disease, and the cytokine storm may be associated with the worsening of the disease. While the source of the virus, epidemiology, pathophysiology, transmission route, the full clinical spectrum of disease and effective treatment still need to be further studied."
7.0,0.2533,"follow, present, patient, baseline, progress, severity, lesion, diarrhea, differentiate, plasma"," GGO (48, 85.7%), vascular enlargement (44, 78.6%) were the most frequent signs in patients with COVID-19. 64.3% of the margins of the lesions were uneasily differentiated. No significant correlations were found in terms of leucocytes, neutrophils, lymphocytes, platelets and C-reactive protein. In contrast, the uneasily differentiated margin was negative correlated with the Ct value (r=-0.283, P=0.042). In another word, an uneasily differentiated margin indicated a lower Ct value (P=0.043). Patients with a lower Ct value were likely to present a progress follow-up change (P=0.022). The Ct value at baseline could predict a progress follow-up changes with an AUC of 0.685 (Cut-off value=29.48). All the 4 with normal CT findings presented new lesion(s) on follow-up CT scans.  "
8.0,0.2106,"low, score, significant, intubation, plan, efficacy, adjust, loneliness, treatment, interval"," Self-efficacy score was a positive correlation with loneliness score in the in both the unadjusted (Œ≤=0.30, 95%CI=0.12 to 0.48, p&lt;0.001)and adjusted(Œ≤=0.30, 95%CI=0.12 to 0.48, p&lt;0.001) analyses. Because of reverse scoring for self-efficacy, lower self-efficacy was associated with high levels of loneliness. Stratified analyses stratified by social demography characteristics showed that the no associations between self-efficacy score and loneliness score remained significant in over 35 years old or doctors."
9.0,0.1066,"include, support, analysis, organ, ventilation, ard, individual, biomarker, ventilatory, strategy"," Mortality of critically ill patients with COVID-19 was high. Lymphopenia, ARDS and septic shock were notable in the clinical course of critical illness. Ventilation support and hemodynamic support were usually needed. Multi-organ failure induced by ARDS was the main death cause.    "
10.0,0.0571,"covid, finally, understand, priority, stabilize, dramatic, inform, wide, dead, promoter"," Current study reminds us that governments should strengthen the publicity of COVID-19 nationally, reinforce the public's vigilance and sensitivity to COVID-19, inform public the importance of protecting themselves with enough precautionary measures, and finally control the spread of COVID-19 globally."
11.0,0.1248,"disease, find, monitor, multiple, important, approach, potential, additionally, isolation, specific"," Our findings provide the evidence that the CT imaging score can be used to reflect disease severity, and the multiple enzyme release, inflammation storm, and hypercoagulability are prominent indicators to monitor the changes of disease progression and prognosis of COVID-19, which are critical to explain the multiple organ injuries or death in clinic and also guide therapeutic strategy."
12.0,0.1488,"care, medical, resource, worker, prompt, home, provider, personnel, facility, expose"," Our findings confirmed 2019-nCoV could easily spread through direct personal contact in a hospital setting and provided compelling evidence that health-care facilities worldwide need to be prepared for possible transmission of this novel coronavirus. Medical workers engaging in daily interaction with their fellow workers should be personally under effective protection against the infection. The health-care workers developing any possible associated symptoms should seek prompt medical attention and be duly isolated, thereby minimizing secondary transmission of 2019-nCoV in health-care associated outbreaks. Adequate protection against exposure to infected patients can effectively protect health-care workers from 2019-nCoV infection. "
13.0,0.2427,"outbreak, emergency, improve, response, effective, infectious, capacity, manage, detect, highly"," Countries vary widely in terms of their capacity to prevent, detect and control outbreaks, which is underpinned by global variances in the strength of health systems to manage health emergencies. Half of all countries analysed in this study currently have in place operational readiness capacities which should enable an effective response to any potential health emergencies including 2019-nCoV. However, it is crucial to integrate/triangulate findings from local risk assessments to fully understand national readiness capacities in relation to 2019-nCoV. Some countries may require external support if cases are identified and the infection spreads rapidly within their borders. As part of the commitment to the IHR (2005) countries should be implementing capacity building action to strengthen their ability to effectively prevent and manage health emergencies and the application of data analysis can support focused targeting of critical gaps that currently exist. Commitment to IHR (2005) also involves collaboration between States Parties to improve capacities for preventing and managing health emergencies which should also be carried out to improve preparedness. This will strengthen global readiness to contain existing outbreaks including the ongoing international spread of 2019-nCoV. "
14.0,0.3124,"feature, lung, ggo, image, opacity, consolidation, peripheral, pulmonary, pattern, ground_glass","  Finally, 40 eligible studies with 4183 patients with COVID-19 were used for meta-analysis. The rate of positive CT scan in patients with COVID-19 was 94.5% (95%CI: 91.7-96.3). Bilateral lung involvement, pure ground-glass opacity (GGO), mixed (GGO pulse consolidation or reticular), consolidation, reticular, and presence of nodule findings in CT scan of COVID-19 pneumonia patients were respectively estimated to be 94.5% (95%CI: 91.7-96.3), 64.9% (95%CI: 54.1-74.4), 49.2% (95%CI: 35.7-62.8), 30.3% (95%CI: 19.6-43.6), 17.0% (95%CI: 3.9-50.9) and 16.6% (95%CI: 13.6-20.2). The distribution of lung lesions in patients with COVID-19 pneumonia was peripheral (70.0% [95%CI: 57.8-79.9]), central (3.9% [95%CI: 1.4-10.6]), and peripheral and central (31.1% [95%CI: 19.5-45.8]). The most common pulmonary lobes involved were right lower lobe (86.5% [95%CI: 57.7-96.8]) and left lower lobe (81.0% [95%CI: 50.5-94.7]).  "
15.0,0.1033,"lymphocyte, count, subset, low, neutrophil, lymphocyte_count, white, reactive_protein, ast, trend"," The study enrolled 110 patients, comprising 88 COVID-19 patients and 22 non-COVID-19 pneumonia cases. We observed significant differences, including abnormal biochemical indices (CRP, LDH, AST, eGFR, and sodium ion concentration) and reduced lymphocyte subsets count, between the COVID-19 patients and non-COVID-19-caused pneumonia cases. Correlation analysis indicates that the count for lymphocyte subsets-but not that for neutrophils and monocytes-exhibits a significant negative correlation with biochemical indices relating to organ injury, in the COVID-19 infected patients. "
16.0,0.1744,"increase, covid, severity, related, decrease, enhance, human, datum, guideline, fatality", Viral load was not related to the severity of COVID-19 in early stage of COVID-19. Male and delayed diagnosis increased a risk of enhancing COVID-19 severity while decreased the risk with increasing generation of infection. SARS-CoV-2 may increase human-to-human transmissibility through long term replication within individual human host.
17.0,0.0465,"mortality, reduce, early, series, woman, single, vulnerable, decrease, modify, pneumonia"," The ACP index can predict COVID-19 related short-term mortality, which may be a useful and convenient tool for quickly establishing a COVID-19 hierarchical management system that can greatly reduce the medical burden and therefore mortality in highly endemic areas. "
18.0,0.1319,"child, clinical, history, characteristic, exposure, epidemiological, adult, long, fecal, describe"," Children accounted for 1‚Ä¢16 % of mild cases. Some children had uncertain contact history and no clinical symptoms. The etiological diagnosis of children was more important than clinical diagnosis. Disappearance of clinical manifestations of children and the SARS-CoV-2 nucleic acid test with positive result were not parallel. SARS-CoV-2 had long detoxification time, and SARS-CoV-2 cases with positive results appeared again. The production regularity of SARS-CoV-2 IgM and IgG in children and their effect on the body remain unknown."
19.0,0.1842,"critical, illness, mild, decrease, iqr, trend, condition, improve, cell, restrictive"," The median age of the 101 patients was 51.0 years (IQR, 37.0-61.0) and 34 patients [33.6%] were medical staffs. On admission, the number of patients with uncomplicated illness, mild, severe and critical pneumonia were 1 [1%], 86 [85%], 11[11%] and 2[2%], and another could not be unclassified because of pregnancy. 44 cases [51%] of the 86 mild pneumonia progressed to severe condition with 4 ( IQR, 1-7) days in median, and 9 patients [10%] further worsened to critical pneumonia within 4 (IQR, 3-8) days; 2 of the 11 severe patients improved to mild condition while 3 others deteriorated. Significant differences were observed among groups of different clinical stages in numbers of influenced pulmonary segments (6 (IQR, 2-12) vs 12 (IQR,6-15) vs 17 (IQR, 10-18), P &lt;0.001). A significantly upward trend was witnessed in ground-glass opacities overlapped with striped shadows (33% vs 42% vs 55% vs 80%, P &lt;0.001) while pure ground-glass opacities gradually decreased with regard to radiologic patterns. While lymphocytes, prealbumin and albumin showed a downward trend as disease progressed from mild to severe or critical condition, an increasing trend was found in white blood cells, C-reactive protein, neutrophils and lactate dehydrogenase. And the proportions of serum amyloid A &gt; 300 mg/L in mild, severe and critical conditions were 18%, 46% and 71%, respectively. "
20.0,0.219,"covid, hospital, report, pathogen, greatly, cluster, speed, shanghai, day, pediatric"," 1) The hospital reporting speed--the first case report to the local CDC, for H7N9(2013) in Shanghai and COVID-19 in Wuhan city was 6 and 19 days, respectively. 2). The pathogen inspection speed-- the period from case reporting to technically confirming and re-checking pathogens, for COVID-19 was much quicker than that in H7N9(2013) in Shanghai (12days vs. 31days). 3). The government responding speed --from re-checking pathogens to the local government‚Äôs emergency response, for H7N9 (2013) in Shanghai and COVID-19 in Wuhan was 4 and 15 days, respectively. 4) The total emergency disposal time of local government was 5 days longer in COVID-19 in Wuhan city than H7N9 avian influenza (2013) in Shanghai (46 days vs. 41 days).InterpretationFrom H7N9 to COVID-19, the speed of detecting unknown pathogens greatly improved in China, whereas the hospital reporting of epidemics and decision-making by government of Hubei province was significantly slow, which might be an important influential factor of the outbreak of COVID-19. Improving the emergency management could lessen the adverse social effects of the emerging infectious disease and public health crisis in the future."
21.0,0.1181,"diagnosis, important, highly, clinical, limit, routine, testing, guide, novel_coronavirus, criterion"," We employed four types of AI technology to screen all patients, achieve 18 indexes associated with significant COVID-19 diagnosis and the most important attribute is WBC, Eosinophil count, Eosinophil rate, 2019 novel coronavirus RNA (2019n-CoV) and Amyloid-A in laboratory, also matched with 2019 China virus diagnosis clinical guide. "
22.0,0.1846,"sars_cov, infection, mild, potential, progression, explain, young, conjunctival, immunity, epithelium", The conjunctival epithelium and the conducting airways appear to be potential portals of infection of SARS-CoV-2. Both SARS-CoV and SARS-CoV-2 replicated comparably in the alveolar epithelium explaining the progression of infection to a primary viral pneumonia.
23.0,0.189,"early, progression, facilitate, identification, week, helpful, ldh, invasive_ventilation, rapid, age"," Younger age, higher levels of LDH, blood glucose, and MLR on hospital admission are associated with shorter duration from admission to invasive ventilation. These potential predictors facilitate the identification of rapid disease progression and earlier requirement for invasive ventilation in patients with COVID-19."
24.0,0.1321,"respiratory, severe, incidence, acute, failure, meta, strengthen, case, shorten, professional"," 8 studies were included in Meta-analysis, including a total of 5732 patients with 2019-nCoV infection.According to Meta-analysis, among the clinical characteristics of patients with 2019-nCoV infection, the incidence of fever is 90.9%, the incidence of cough is 70.8%, and the incidence of muscle soreness or fatigue is 41%. The incidence of acute respiratory distress syndrome (ARDS) was 14.8%, the incidence of abnormal chest CT was 95.6%, the proportion of severe cases in all infected cases was 24.3%, and the mortality rate of patients with 2019-nCoV infection was 6.4%.    "
25.0,0.143,"pandemic, community, health, term, policy, system, strategy, economic, ongoing, area"," The effects of sustained community transmission would go beyond the cases and deaths seen and the resources needed to respond to these but would also cripple many of the health systems due to health workers falling ill / being quarantined plus have wider social, economic and political effects. It is crucial for countries to avoid a scenario of sustained community transmission of the SARS-CoV-2 therefore. The effect of breaking community transmission, in terms of lives saved, admissions avoided, and the social economic benefits are significant, and most likely outweigh any costs of preventing this scenario. The effectiveness of distancing measures, and better hygiene practices need to be advocated for in all Countries as the most effective approach to managing the COVID-19 pandemic. "
26.0,0.5376,"cell, cd, immune, ace, expression, level, kirp, ucec, neutrophil, study"," ACE2 was elevated in both UCEC and KIRP, which suggests that tumor tissues are more likely to be infected with SARS-CoV-2 in UCEC and KIRP. High ACE2 had a favorable prognosis in UCEC and KIRP (OS HR0.47, 95%CI=0.30 to 0.73, OS HR0.44, 95%CI=0.24 to 0.81, respectively). In addition, the expression of ACE2 was positively correlated with the level of immune infiltration of macrophage (r=0.322, p&lt;0.001) in KIRP. Similarly, ACE2 has a positive correlation with B cell (r=0.166, p&lt;0.01), CD4+T cell (r=0.154, p&lt;0.01), neutrophil (r=0.223, p&lt;0.001) and dendritic cell (r=0.271, p&lt;0.001) immune infiltration levels in UCEC. After correction of tumor purity, ACE2 in UCEC was significantly positively correlated with FCRL2 and MS4A1 in B cells, and FCGR3B, CEACAM3, SIGLEC5, CSF3R and S100A12 in neutrophils and CD84 in macrophages, while ACE2 in KIRP was positively correlated with CD68 and CD84 in macrophages. High ACE2 expression level has a favorable prognosis in the enriched B cells, CD4 + memory T cells, CD8 + T cells and macrophases subgroup in UCEC,and the enriched regulatory T cells and type 1 T helper cells subgroup in KIRP. Promoter methylation levels of ACE2 in UCEC and KIRP were significantly reduced, which explains to some extent the elevated ACE2 in UCEC and KIRP. Finally ,GSE30589 and GSE52920 databases were used to study the changes of ACE2 expression in vivo and in vitro, the results showed that ACE2 expression levels in both of them were reduced after SARS-CoV infection."
27.0,0.0917,"death, hospitalization, elderly, main, icu, require, predictor, person, system, develop","  COVID-19 pneumonia requiring admission to the ICU had a considerably high mortality rate. Many predictors are associated with mortality, but decreased oxygenation index is the main risk factor for death in these patients. Critically ill patients with a relatively high oxygenation index should be transferred to the ICU early to reach a favorable outcome."
28.0,0.1919,"infection, ncov, rate, fever, combination, account, valuable, line, muscle, dyspnea","    The infection rate of 2019-nCoV in the outpatients from the fever clinics was high and the majority of COVID-19 were mild cases. The highest nucleic acid detection rate for 2019-nCoV infection was observed in patients with muscle ache, followed by dyspnea. The combination of fever, lower accounts of eosinophils and the imaging features of ground-glass opacity in bilateral lungs might be a valuable indicator for 2019-nCoV infection."
29.0,0.3262,"healthcare, lead, provide, household, closure, school, parameter, obligation, reduction, mutation"," The US healthcare sector has some of the highest child care obligations in the United States. 29% of healthcare provider households must provide care for children 3-12. Assuming non-working adults or a sibling 13 years old or older can provide child care, leaves 15% of healthcare provider households in need of childcare during a school closure, while 7% of healthcare households are single-parent households. We document the substantial variation within the healthcare system. For example, 35% of medical assistants and 31% of nursing, psychiatric, and home health aide households have child care obligations, while only 24% of emergency medical personnel have childcare obligations. Child care obligations can vary between states by over 10 percentage points. A 15% decline in the healthcare labor force, combined with reasonable parameters for COVID-19 such as a 15% case reduction from school closings and 2% baseline mortality rate implies that a 15% loss in the healthcare labor force must decrease the survival probability per percent healthcare worker lost by 17.6% for a school closure to increase cumulative mortality. This means that the per infection mortality rate cannot increase from 2% to 2.35% when the healthcare workforce declines by 15%; otherwise, school closures will lead to a greater number of deaths than they prevent. For school closures to unambiguously provide a net reduction in COVID-19 mortality with these parameters, the school closures must reduce cases by over 25%.         "
30.0,0.1871,"type, associate, inflammatory, wuhan, hospital, damage, unit, center, partially, hd"," In haematological units, hospitalised HD patients and HCP are both at high risk of COVID-19 under an outbreak in Wuhan, partially attributing to hospital-associated transmission. The HD patients with COVID-19 are characterised by significant respiratory, inflammatory and haematological damages and abysmal prognosis."
31.0,0.147,"severe, patient, significantly, year, male, age, positively, mild, detect, gold"," Severe COVID-19 patients were significantly older than the no severe patients. Immune systems of severe COVID-19 patients were significantly suppressed, and advanced age(&gt;50 years), low levels of CD4 (‚â§461) or CD8 (‚â§241) was important clinical manifestations of rapid deterioration. CK values in severe COVID-19 patients were significantly higher than in no severe patients. CD4 and CD8 were incorporated into the MuLBSTA to establish a new model, which is an ideal risk prediction model for COVID-19 patients. "
32.0,0.1028,"patient, admission, abnormal, inflammation, proportion, coinfection, cellular, correction, concern, grass"," In the present study, the majority (79%) of 1,663 COVID-19 patients were aged over 50 years old. A total of 2.8% were medical staff, and an exposure history of Huanan seafood market was document in 0.7%, and 7.4% were family infection. Fever (85.8%), cough (36.0%), fatigue (23.6%) and chest tightness (11.9%) were the most common symptoms in COVID-19 patients. As of February 28, 2020, of the 1,663 patients included in this study, 26.0% were discharged, 169 died (10.2%), and 63.8% remain hospitalized. More than 1/3 of the patients had at least one comorbidity. Most (99.8%) patients had abnormal results Chest CT, and the most common manifestations of chest CT were local patchy shadowing (70.7%) and ground-glass opacity (44.8%). On admission, lymphocytopenia was present in 51.1% of the patients, mononucleosis in 26.6%, and erythrocytopenia in 61.3%. Most of the patients had increased levels of C-reactive protein. Compared to non-severe patients, severe patients might have more obvious abnormal laboratory results related to inflammation, coagulation disorders, liver and kidney damage (all P&lt;0.05).  "
33.0,0.3556,"study, treatment, trial, phase, clinical, chinese, medicine, effective, preliminary, integrate"," There were 226 clinical trials on COVID-19 in the two databases, all of which were registered by research units in China. The top five registered areas were Hubei, Beijing, Shanghai, Guangdong, and Zhejiang. Study type: intervention study (207, 91.6%), observational study (18, 8.0%). Clinical trial staging: exploratory studies/preliminary trials (91, 40.3%), phase I trials (4, 1.8%), phase II trials (12, 5.3%), phase III trials (12, 5.3%), phase IV (47, 20.8%), phase I/II (2, 0.9%), phase II/III(5, 2.2%), and others (57, 25.2%). Intervention measures: 143(63.3%) trials of western medicine treatment, 50 (22.1%)trials of Chinese medicine treatment, 21(9.3%) trials of integrated Chinese medicine treatment and western medicine treatment. "
34.0,0.0816,"pneumonia, complication, triage, intensive, society, conduct, esp, series, serum, parameter"," In our study, the clinical symptoms of ESP-infected COVID-19 displayed marked differences from those reported common COVID-19 pneumonia cases. Additionally, the health care workers were confirmed to expose great risk in ESP with COVID-19 pneumonia. Management guidelines of ESP were described in our paper."
35.0,0.0952,"population, evidence, city, clinician, emerge, comorbiditie, provide, level, determine, vulnerable"," The findings of this systematic review should act as a guide for clinicians in interpreting CT scans of patients where COVID-19 is suspected. As research progresses, new radiographic findings may emerge, and clinicians should adapt as evidence emerges. "
36.0,0.1757,"china, epidemic, hubei, area, region, reach, quickly, delay, underestimate, mainland"," The quartic model showed the best fit. For almost all areas in mainland China, the speed of infections reached Speedmax and began to decline within 14 days; exceptions were Hebei, Heilongjiang, Hainan, Guizhou, and Hubei. The number of plateaus was significantly correlated with the emigration index. However, the distance from other areas to Hubei and the number of plateaus had little influence on when a province or area arrived at Speedmax. Once strict intervention strategies were implemented, diffusion and deterioration of COVID-19 were inhibited quickly and effectively over China."
37.0,0.3564,"high, stage, study, viral, saliva, indication, demonstrate, load, deteriorate, salivary_glands"," This study thus confirms the expression of ACE2 in the salivary glands, and demonstrates the possibility of 2019-nCoV infection of the salivary glands. The reason that the positive saliva detection rate was as high as 75% (3/4) in critically-ill patients in our study might be due to virus invasion caused by high viral loads or destroyed salivary glands at the late stage of the disease. The emergence of viral particles in the saliva might be an indication that the disease condition of the patient has deteriorated and progressed to the terminal stage. Hence, saliva may be a new source of diagnostic specimens for critically-ill patients, since it can be easily collected without any invasive procedures."
38.0,0.1074,"health, public, mental, work, state, prioritize, lockdown, significance, carry, learning"," Even though this research is limited by its cross-sectional design, it is possible to infer that mental health varies by demographic attributes, obligations and health behaviours. Those who report higher distress must work outside during quarantine, live with an elderly person and carry a risk factor for COVID-19, among other factors. Identifying those who are most vulnerable would help to prioritize those who may need the greatest psychological aid and assist public health practitioners in developing support strategies."
39.0,0.0711,"high, risk, multi, lymphopenia, state, middle, change, chinese, modulator, shock"," In this Chinese national study of medical personnel, the findings indicated that the prevalence of depression and anxiety in hospitals at three levels were high. Further research is needed to better understand and identify the high-risk groups of medical staff under high-stress circumstances and to address these issues properly."
40.0,0.3805,"infection, virus, group, covid, high, flu, influenza, respiratory, upper, diagnose"," Totally, 1860 patients were screened and 136 patients were enrolled in the study. 72 (52.94%) of them were diagnosed as influenza (Flu) A virus infection. 32 (23.53%) of the patients were diagnosed as Flu B virus infection. 18 (13.24%) and 14 (10.29%) of the patients were diagnosed as COVID-19 and respiratory syncytial virus (RSV) infection respectively. COVID-19 group had a higher rate of contact with epidemic area within 14 days and clustering onset than other groups (P&lt;0.05). Fever was the most common symptom in the respiratory virus infection patients. The ratio of fever and the highest temperature were higher in Flu A virus infection patients than in COVID-19 patients (P&lt;0.05). COVID-19 patients had lower white blood cell (WBC) count and neutrophil count than Flu A virus and RSV infection group (P&lt;0.05), but higher lymphocyte count than Flu A and B virus infection groups (P&lt;0.05). C-reactive protein was higher in RSV infection group than in COVID-19 and Flu B infection group, but was not statistically different in Flu A and B infection and COVID-19 groups. COVID-19 group (83.33%) had a higher rate of pneumonia in chest CT scan than Flu A and B virus infection group (P&lt;0.05).  "
41.0,0.0556,"difference, show, significant, observe, tool, result, glucose, analysis, gt, confirm"," While we found no significant evidence that ACE2 is associated with disease severity/sex bias in the Italian population, TMPRSS2 levels and genetic variants proved to be possible candidate disease modulators, contributing to the observed epidemiological data among Italian patients. "
42.0,0.2066,"patient, compare, demonstrate, cancer, years_old, blood, lymphopenia, approximately, surgery, expire"," Patients with blood cancer, lung cancer, and metastatic cancer demonstrated a higher incidence of severe events compared to patients without cancer. In addition, patients who underwent immunotherapy or cancer surgery had higher death rates and higher chances of having critical symptoms."
43.0,0.1173,"symptom, discharge, laboratory, initial, similar, examination, evaluate, avoid, recovery, recently"," RT-PCR is more reliable than CT in initial diagnosis of pediatric patients infected with COVID-19. On follow up, reliable RT-PCR results are not available until at least 7 days after initial symptoms. The optimum time to perform a chest CT examination is 11 to 15 days after the onset of symptoms, and follow-up may be performed if necessary."
44.0,0.0419,"patient, management, hospitalize, treat, impairment, eosinophil, biochemical, shed, offer, diagnostic", Most clinical characteristics of COVID-19 are non-specific. Patients with suspected should be evaluated by virological assays and clinically treated.
45.0,0.1181,"country, time, index, month, presence, travel, establish, testing, australia, maker"," This disease knows no boundaries and spreads strikingly fast. Evidences indicate that the number of cases and deaths could grow exponentially for the coming weeks if not months. The CFR is high even for countries having high HAQ Index as countries having the finest health such as USA and Italy are struggling to contain the pandemic. On contrary, evidence from China indicates that quarantine, lockdowns and travel restrictions helped China to contain the pandemic in few months‚Äô time, thus countries having low HAQ Index should well prepared to limit the movement of its citizens."
46.0,0.1368,"result, test, positive, nucleic_acid, chest, quantitative, recurrent, evaluate, site, arb"," The recurrent positive patients accounted for 8.3% (35/420) of all diagnosed patients and 8.8% (35/399) of discharged patients.A total of 85.7% of the patients had positive RT-PCR test results only at 1‚Äì2 sites and tested negative at other sites during their discharge monitoring.The median interval from the first negative RT-PCR to the recurrent positive was ten days (IQR, 7‚Äì16). All recurrent positive patients had no fever and 91.4% did not have symptoms. There was no significant change in the abnormal laboratory indicators. The median semi quantitative CT score was 4(2‚Äì5.5)(the first discharge) and 2.5(0.25‚Äì4) (the second admission), and the score of the second admission was lower than the first discharge (p=0.002)."
47.0,0.1349,"transmission, contact, isolation, effective, close_contact, virus, containment, trace, step, due"," Lifting containment in a single step without implementing systematic screening resulted in similar number of deaths (130 per 100,000) than doing nothing. In this scenario, intensive care units were overrun and most patients did not have access to mechanical ventilation. Adding screening only marginally decrease total mortality (128 per 100,000). Lifting containment in two (&lt;65, &gt;= 65) or three steps (&lt;41,41-64,&gt;= 65), as well as adding testing to later resulted in significant decrease in mortality (15.5 to 13.3 per 100,000). The availability of a new effective treatment only marginally reduce mortality in the one-step strategy as most patients would not have access to it."
48.0,0.2697,"function, severe, cytokine, monitoring, kidney, addition, protect, renal, storm, condition"," To prevent fatality in such conditions, we suggested a high degree of caution in monitoring the kidney functions of severe COVID-19 patients regardless of the past disease history. In addition, upon day-by-day monitoring, clinicians should consider any potential interventions to protect kidney functions at the early stage of the disease and renal replacement therapies in severely ill patients, particularly for those with strong inflammatory reactions or a cytokine storm.  "
49.0,0.1144,"intervention, measure, outbreak, strict, implement, current, individual, maintain, decline, beijing"," It‚Äôs suggested that Italy's current strict measures continue to be implemented, and necessary strict public health measures be implemented as soon as possible in other European countries with a high number of COVID-19 cases."
50.0,0.2054,"poor, associate, prognosis, underlie, disease, age, level, impair, diabetes, abnormality","  A total of 520 participants were recruited into the analysis; 61.5% were females, the average age was 45.2 years, 72.9% were married, and 88.4% were of Thai nationality. Regarding COVID-19, 73.4% had poor knowledge of disease prevention and control, 28.5% had poor attitudes toward disease prevention and control, and only 13.6% had strong preparedness skills to prevent and control the disease. Several factors were associated with poor knowledge, poor attitudes and poor preparedness skills in response to the epidemic of COVID-2019, such as education, occupation, income, and channel of receiving public health information.  "
51.0,0.2902,"day, period, average, generation, onset, median, significantly, earlier, standard, stay"," A total of 71 chains of transmission together with dates of symptoms onset and 67 dates of infections were identified among 5,405 confirmed cases outside Hubei as reported by February 2, 2020. Based on this information, we find the serial interval having an average of 4.27 days with a standard deviation of 3.44 days, the incubation period having an average of 5.33 days with a standard deviation of 3.36 days and the infectious period having an average of 10.91 days with a standard deviation of 3.95 days. The estimated controlled reproduction numbers, ùëÖùëê , produced by all three methods in all analyzed regions of China are significantly smaller compared with the basic reproduction numbers ùëÖ0. "
52.0,0.1221,"covid, clinical, outcome, characteristic, pregnant_woman, sar, great, bad, mer, maternal"," The clinical characteristics and outcomes of pregnant women with COVID-19 appear good and were similar to non-pregnant women in this study. Based on our findings, there is currently no evidence to indicate that pregnant women were more susceptible to the occurrence and severe adverse outcomes of COVID-19 than general population."
53.0,0.3039,"identify, relate, peak, major, contribute, potential, introduction, issue, political, measure"," We identified three temporal major cluster of the interest before disease introduction on the topic COVID-2019: China- and Italy-related peaks on all platforms, as well as a peak on social media related to the recent special law on combating COVID-2019. Besides, there was a peak in interest on the day of officially confirmed introduction as well as an exponential increase of interest when the Polish government ‚Äúdeclared war against disease‚Äù with a massive mitigation program. From sociolingistic perspective, we found that concepts and issues of threat, fear and prevention prevailed before introduction. After introduction, practical concepts about disease and epidemic dominate. We have found out that Twitter reflected the structural division of the Polish political sphere. We were able to identify clear communities of governing party, mainstream oppostition and a protestant group and potential sources of disinformation. We have also detected bluring boundaries between comminities after disease introduction. "
54.0,0.1017,"lt, total, result, die, severe, cardiovascular, affect, area, pregnancy, associate"," Eighteen studies were selected to be finally analyzed. The mean percentage of mortality was 14% (I2 = 98.9, P&lt;0.001). The most common symptoms were fever (91%, I2 = 88.5, P &lt;0.001), and cough (71%, I2= 84.5, P &lt;0.001), and the most frequent underlying diseases were hypertension (41%, I2 = 98.9, P &lt;0.001), diabetes (18%, I2 = 88.7, P &lt;0.001) and Cardiovascular disease (11%, I2 = 87.7, P &lt;0.001). "
55.0,0.0658,"covid, low, recommend, admission, manifest, strongly, addition, inhibitor, research, nursing"," High nursing concentrations are strongly associated with reduced mortality rates of COVID-19. The key to address the needs of current and future COVID-19 outbreaks, or for that matter, any infectious disease outbreak of this magnitude is to prepare a highly trained, versatile nursing workforce."
56.0,0.1111,"risk, factor, identify, independent, public, covid, target, demographic, excretion, protease"," The identified independent risk factors (elevated TnT, CRP, and D-dimer, and declined PaO2/FiO2) suggest that fatality due to COVID-19 was associated with multiple organ dysfunction. The independent risk factors found in this research can help identify the high-risk patients of COVID-19 with poor prognosis in order to offer early warning and intervention, and also help funnel the flow of patient with COVID-19."
57.0,0.2047,"patient, detection, time, evaluation, city, short, finding, long, concentration, igg"," As regards to S-IgM, N-IgM, S-IgG and N-IgG, the detection positive rates in 49 patients were 38.8%, 51.0%,63.3% and 40.8% respectively. The median detection times for those antibodies were the 10th, 9th, 9th, or 9th days‚Äô time point after the illness onset. The Kappa test results showed that the consistency of two IgM detection and two IgG detection are poor, the Kappa index are 0.408 and 0.344 respectively. 73.5%, 14.3% and 10.2% patients had high levels IL-6, IL-10 and INF-Œ≥ results. We also found that patients who lived in Wuhan or traveling to Wuhan in the short term had higher S-IgM (p=0.045) and N-IgM (p=0.002) concentrations than those who stayed in other cities. IL-6 concentrations had significant differences between severe patients and mild patients (p=0.0391). IL-10 concentration elevated in patients with background diseases compared with those no background diseases patients (p=0.0122). "
58.0,0.1636,"infect, asymptomatic, patient, proportion, long, place, travel, zhejiang, investigation, allocate"," 82.04% of the SARS-CoV-2 infected patients had a travel history in Wuhan or a history of contact with returnees from Wuhan, showing typical characteristics of imported cases, and the proportion of severe COVID-19 patients was 13.2%, of which 59% were imported from Wuhan. For the patients who was returnees from Wuhan, 18.1% was asymptomatic patients. In different infection periods, compared with the proportion after 1/31/2020, the proportion of asymptomatic patient among SARS-CoV-2 infected patient was higher(19% VS 1.5%). In different age groups, the proportion of asymptomatic patient was the highest(28.6%) in children group under 14, next in elder group over 70 (27.3%). Compared with mild and common COVID-19 patients, the mean latency of asymptomatic was longer (11.25 days VS 8.86 days), but the hospital length of stay was shorter (14.3 days VS 16.96 days)."
59.0,0.0949,"spread, prevent, give, place, order, clue, sars_cov, set, decisive, estimate"," Although the number of confirmed patients of COVID-19 in South Korea is still increasing, the upward slope tends to decrease. The efforts of the government, society, and medical staffs contributed greatly to prevent the spread of the disease. The messages given by the situation in South Korea would give clues to other countries to prevent the spread of COVID-19."
60.0,0.332,"prevent, authority, future, medical_staff, research, hospital, cross, action, outpatient, citizen"," The Wuhan authorities restricted citizens' freedom of expression, prevent Dr.Li from warning citizen and medical staff about infectivity of COVID-19. The administrative actions of Wuhan authorities artificially creating hospital outpatient cross-infection and additional close contacts. The influence of authorities infringe upon human rights on epidemic prevention need special research by future studies."
61.0,0.1436,"effect, coronavirus, therapeutic, recovery, time, oxygen, reveal, relationship, attributable, dry", Our study reveals that the effect of confirmed cases on the novel coronavirus attributable deaths is heterogeneous across Provinces / States in China. We find a linear relationship between COVID-19 attributable deaths and confirmed cases whereas a nonlinear relationship is confirmed for the nexus between recovery cases and confirmed cases. The empirical evidence reveals that an increase in confirmed cases by 1% increases coronavirus attributable deaths by ~0.10% to ~1.71% (95% CI).
62.0,0.0823,"provide, protection, effectively, hospital, personal, importance, experience, add, quality, key"," As the outbreak was rapid and sudden, and great uncertainties in COVID-19 still remain, we faced substantial challenges and difficulties. As the cost of in-hospital transmission is unbearable, our experiences and lessons suggested that prompt actions should be taken immediately to decrease or eliminate potential in-hospital transmission. Experience shared herein may be useful for those facilities who are and who may engage in COVID-19."
63.0,0.126,"screen, timely, current, screening, base, assessment, dynamic, large, surveillance, confirmation"," Large sample size designed-experiment of Bayesian inference provided an accurate and intuitive understanding on current status of COVID-19 in China. Dynamic prevalence changes implied that a gradually and significant decreasing trend of infection have been formed along with line of strict intervention and screening, but due to uncertainty and variability of pathogen as well as the wide spectrum hosts and various environmental exposure, more risk-based screening and surveillance is further needed. Given institutively recognition on the lower concentrated distribution of current prevalence of COVID-19 and the existence of asymptomatic infections, current predictive value of PPV is not so sensitive to help in making a right decision for confirmed infection in low risk prevailed region. In such circumstance, two solutions are suggested, first is to seek the second or more confirmatory RT-PCR assays that target a different part of genome to increase statistical assurance for positive confirmation. Secondly, if contradictory results of tests are still yielded, the confirmed case should be based more on patient epidemiology history and clinical assessment, rather than just RT-PCR test. "
64.0,0.1265,"control, prevention, measure, strong, protective, bring, efficiently, introduce, infectiousness, key", Given that 2019-nCoV could be controlled under the strong prevention measures of what China has taken and it will take about three months. The confirmed infected individuals will still keep quick increasing for 14 days (approximately equal to the sum of exposed period and infection period) after the start time point of control. The strong prevention measures should be insisted until the epidemic Coronavirus. Other domestic places and overseas have confirmed infected individuals should take strong interventions immediately. Earlier strong prevention measures could efficiently stop the independent self-sustaining outbreaks in other cities globally.
65.0,0.0802,"covid, early_stage, management, close, recommend, wide, rapid, characterize, medical_staff, susceptible","  We provided a territory-wide overview of COVID-19 in Hong Kong, which has borders connecting to Mainland China. Transmission in closed settings especially during family and religious gatherings is a hallmark of the recently reported cases. The reproduction number value indicated an ongoing outbreak in the community. Rapid isolation of suspected or confirmed cases and their close contacts coupled with robust laboratory surveillance is crucial to the containment of COVID-19 transmission. "
66.0,0.0702,"suggest, finding, change, lack, minimize, injury, carrier, negative, physician, establishment"," These findings suggest that COVID-19 syndrome in pregnancy is often mild or moderate. Although post-partum infection cannot be excluded, these findings suggest that vaginal delivery may be associated with a low risk of intrapartum SARS-Cov-2 transmission to the new-born. In consideration of the diagnosis of maternal SARS-Cov-2 infection during the post partum period, and hence to be infected but asymptomatic, in areas characterized by a high prevalence of infection, it may be safe to consider for the protection of health care providers, all delivering asymptomatic women as at risk to transmit the SARS-CoV-2."
67.0,0.376,"rate, scenario, italy, daily, datum, model, korea, mar, south, increment"," The optimistic scenario (non-Hubei model, daily increment rate of -3.87%), the relative pessimistic scenario (Hubei model, daily increment rate of -2.20%), and the relatively pessimistic scenario (adjustment, daily increment rate of -1.50%) were inferred and modeling from data in China. Matching and fitting with these scenarios, the IFP of time in South Korea would be Mar 6-Mar 12, Italy Mar 10-Mar 24, and Iran is Mar 10-Mar 24. The numbers of cumulative confirmed patients will reach approximately 20k in South Korea, 209k in Italy, and 226k in Iran under fitting scenarios, respectively. There should be room for improvement if these metrics continue to improve. In that case, the IFP will arrive earlier than our estimation. However, with the adoption of different diagnosis criteria, the variation of new cases could impose various influences in the predictive model. If that happens, the IFP of increment will be higher than predicted above."
68.0,0.3754,"case, number, province, rate, confirm, february, hubei_province, increase, decrease, january"," From January 23 to March 1, 2020, 80,026 confirmed cases were reported in the whole country, with 67,103 (83¬∑7%) cases reported from Hubei province and 12,923 (16¬∑3%) cases from the other provinces. After the lockdown of Wuhan city, the number of confirmed cases reported daily continued to increase and peaked on February 4. From February 5 to March 1, the number of cases gradually decreased by 85¬∑0% in the whole country, 83¬∑2% in Hubei province, and 92¬∑8% in the other provinces. The number of deaths continues to increase because of the large number of severe cases in hospitals. The severe case rate was 18¬∑3% in the whole country, 19¬∑3% in Hubei province, and 12¬∑7% in other provinces. The case fatality rate was 3¬∑6% in the whole country, 4¬∑2% in Hubei province, and 0¬∑8% in the other provinces. Cumulative recovery rate was 55¬∑6% in the whole country, 50¬∑5% in Hubei province, and 80¬∑2% in the other provinces. Case fatality was high in patients aged above 60 years (mortality &gt;80%), males (mortality 76¬∑5%), and patients with comorbidities (mortality 64¬∑7%). "
69.0,0.154,"case, common, cough, fever, symptom, manifestation, sign, fatigue, closely, odd"," Fever and cough were the two most common COVID-19 symptoms. Fever predicted the presence of COVID-19 (likelihood ratio of 1.19) and cough did not (likelihood ratio of 0.57). The presence of cough increased the odds of influenza by 1.83 times. When signs and symptoms of upper respiratory infections are used, a na√Øve Bayes model accurately predicted COVID-19, influenza, and other upper respiratory infections (micro average AROC of 0.79)."
70.0,0.1292,"epidemic, social, psychological, government, distress, potentially, adverse, impact, slow, student"," Of 1607 respondents, 1588 returned valid questionnaires and were included in the analysis. Nearly one quarter (22.8%) had high levels of psychological distress (K6 score ‚â• 13). Individuals with higher psychological distress spent more time searching for information about COVID-19, had a history of contact with epidemic areas, more frequently adopted a negative coping style, and reported less social support than those with lower psychological distress."
71.0,0.1464,"number, method, estimate, time, cfr, reduce, optimal, resource, study, government"," During the epidemic of COVID-19, the previously used binomial probability method not only underestimates the CFR of COVID-19, but also leads to a false increasing trend over time. A survival analysis method is recommended for estimating CFR during the COVID-19 epidemic. The current CFR estimate for China including Hubei is 4.6%, about 5 times the value for China of outside Hubei (0.92%). There has been a CFR decreasing trend during the epidemic."
72.0,0.1619,"case, confirm, suspect, newly, correlate, moderate, estimation, clinically, lag, step"," The new-suspected COVID-19 case numbers were significantly correlated with the lagged series of SMSI. SIMI could be earlier detected 6‚Äì9 days than new-suspected cases of COVID-19. The optimal method was subset select, which had the lowest estimation error and a moderate number of predictors. The subset selection method was also significantly correlated with the new-confirmed COVID-19 cases after validation. SMSI findings on lag day 10 were significantly correlated with new-confirmed COVID-19 cases."
73.0,0.3418,"quarantine, survivor, stress, worry, improve, post, anxiety, depression, family, physical","  The median post-discharge follow-up period was 22 days (interquartile range 20~30 days). Of the 370 COVID-19 survivors, no survivors were readmitted due to recurrence of SARS-CoV-2-positive pneumonia. Sixty (16.2%) survivors had post-discharge cough and 45 (12.2%) had breathlessness after activity. One hundred and seventy-three (46.8%) survivors worried about recurrence and 174 (47.0%) worried about infection to others such as their family. Two hundred and ninety-three (79.2%) survivors took a home quarantine lifestyle. Fifty (13.5%) survivors occurred anxiety and 40 (10.8%) survivors occurred depression. Survivors were most bothered by sleeping disorders (29.5%). Four survivors (1.1%) once had thoughts of suicide in several days. Three hundred and fifty-six (96.2%) survivors were willing to return to hospital for health examination. Anxiety was significantly associated with post-discharge respiratory symptoms, worry about recurrence and worry about infection to others (P&lt;0.05). Depression was significantly associated with gender of female, post-discharge respiratory symptoms, worry about recurrence, worry about infection to others and home quarantine lifestyle (P&lt;0.05).  "
74.0,0.1059,"age, develop, attention, people, pay, make, susceptible, highlight, strategy, worldwide"," Our findings support the need to pay attention to the health of people who were not affected by the virus epidemiologically. We especially need to support people who stopped working during the outbreak. Our results also highlight that physically active people, as indicated by more hours of exercise, might be more susceptible to wellbeing issues due to the lockdown. Policymakers who are considering introducing restrictive measures to contain COVID-19 may benefit from understanding such health and wellbeing implications."
