hubei province,13
novel coronavirus,11
2019ncov infection,10
covid19 outbreak,8
prevention control,7
acute respiratory,6
coronavirus 2019ncov,6
measures taken,5
control measures,5
respiratory syndrome,5
wuhan china,5
prevention measures,5
2019ncov outbreak,5
number confirmed,5
covid19 patients,4
strong prevention,4
confirmed cases,4
medical staffs,4
severe acute,4
covid19 infection,4
public health,4
nucleic acid,4
reproduction number,4
2019ncov pneumonia,4
outbreak china,4
province china,4
health emergencies,4
coronaviruses influenza,4
early stage,4
chinese government,4
influenza viruses,4
fatality rate,3
outside hubei,3
patients 2019ncov,3
healthcare workers,3
acid tests,3
fatal respiratory,3
case data,3
basic reproduction,3
control prevention,3
logistics network,3
medical waste,3
infected individuals,3
covid19 spread,3
covid19 cases,3
control epidemic,3
cumulative number,3
11 2020,3
coronavirus outbreak,3
syndrome coronavirus,3
cv disease,3
january 2020,3
respiratory disease,3
close contacts,3
mainland china,3
treatment methods,3
around world,3
cell pyroptosis,3
even fatal,3
epidemic outbreak,3
2019ncov cases,2
renal injury,2
cv risk,2
spread rapidly,2
targets immune,2
potential 2019ncov,2
ggo consolidation,2
symptoms patients,2
isolation patients,2
observed important,2
sars epidemic,2
total number,2
mortality rate,2
taken china,2
china still,2
clinical use,2
corona virus,2
high risk,2
severe covid19,2
2019ncov could,2
ncp patients,2
related coronaviruses,2
patient samples,2
commitment ihr,2
coronavirus epidemic,2
time point,2
infection outbreak,2
wuhan population,2
infectious diseases,2
prevent control,2
immune responses,2
diagnostic test,2
epidemic prevention,2
effective prevention,2
measures could,2
outbreak wuhan,2
2019ncov high,2
sars virus,2
2 sarscov2,2
especially hubei,2
possible transmission,2
manage health,2
number associated,2
february 2020,2
highly endemic,2
infection rate,2
coronavirus named,2
severe even,2
acute renal,2
developed novel,2
health interventions,2
lancet journal,2
work resumption,2
simulation results,2
social psychological,2
endemic areas,2
early detection,2
results suggest,2
number cases,2
exposed individuals,2
effectively reduce,2
patients mild,2
sarscov2 pneumonia,2
confirmed 2019ncov,2
coronavirus disease,2
confirmed infected,2
infections predicted,2
confirmed diagnoses,2
current estimation,2
may effective,2
prevention capabilities,2
control infection,2
migrant workers,2
protective measures,2
china december,2
pay attention,2
tight medical,2
new coronavirus,2
important disparities,2
readiness capacities,2
covid19 diagnosis,2
pandemic risk,2
wuhanviral pneumonia,2
clinical characteristics,2
global health,2
virus high,2
travel restriction,2
conjunctival swabs,2
medical resources,2
reduce mortality,2
viruses infections,2
contact tracing,2
patients covid19,2
mild cases,2
high cv,2
still increasing,2
plays pivotal,2
since january,2
days first,2
diagnosis important,2
countrys vulnerability,2
quarantine measures,2
would help,2
confirmed suspected,2
disparities cure,2
prompt medical,2
rate 2019ncov,2
2019ncov however,2
nonofficial data,2
china started,2
low fatality,2
available data,2
ratio mortality,2
risk assessment,2
incubation period,2
control outbreaks,2
reverse transcription,2
intermediate host,2
result severe,2
cure ratio,2
develop severe,2
reported case,2
pivotal role,2
epidemic situation,2
mortality across,2
disease covid19,2
2019ncov may,2
30 minutes,2
outbreak covid19,2
still need,2
december 2019,2
diamond princess,2
2019ncov ratg13,2
regarding transmissibility,2
detection rate,2
reverse logistics,2
respiratory diseases,2
simulated patient,2
peerreviewed studies,2
caused novel,2
coronavirus 2,2
wuhan city,2
february 11,2
publicly available,2
mental health,2
ihr 2005,2
test could,2
alarm 2019ncov,2
early isolation,2
2019ncov reported,2
reviewed 49,1
counts serum,1
midfebruary maintaining,1
important actively,1
psychological problems,1
taken take,1
outbreak aims,1
number people,1
china hope,1
virus infections,1
according prevention,1
information targets,1
spread virus,1
evaluate incidence,1
ncip pregnancy,1
papers tried,1
capabilities different,1
implies actual,1
portion covid19,1
potential ie,1
related shortterm,1
current epidemic,1
close contact,1
measures china,1
china incidence,1
exceeded case,1
upro moreover,1
presented peerreviewed,1
model demonstrated,1
2019ncov would,1
form global,1
pangolincov 2019ncov,1
far exceeds,1
imported exposed,1
higher pandemic,1
severe diseasesfour,1
spatiotemporal changes,1
shortterm mortality,1
hemoptysis headache,1
quickly establishing,1
underestimation diagnosis,1
quick active,1
health social,1
end reinvestigated,1
key protection,1
individuals take,1
prevent detect,1
resourceintensive measures,1
journals last,1
associated outbreaks,1
23rd 2020,1
significantly higher,1
management system,1
three months,1
overlap presented,1
urgently needed,1
nationwide global,1
land china,1
much closely,1
chinese provinces,1
coming nonofficial,1
care professionals,1
outbreak called,1
assistance systems,1
covid19 develop,1
curb transmission,1
vulnerability compare,1
lead global,1
key quicker,1
rate ct,1
system cardiovascular,1
critical gaps,1
positive detected,1
3166 papers,1
postulated risk,1
immediately earlier,1
crf covid19,1
adoption adjustment,1
still climbing,1
peak within,1
center disease,1
waste healthcare,1
high homology,1
multiperiod mixed,1
peripheral pure,1
findings local,1
interaction fellow,1
implication broadened,1
addressed similar,1
clinics high,1
control regions,1
exposed period,1
concealment difficult,1
20 31,1
focused early,1
end mar10,1
sequela depression,1
contacts families,1
five key,1
reached 11177,1
admission icu,1
via virus,1
education monitor,1
cohort imported,1
period expected,1
mortality may,1
randomized controlled,1
paper systematic,1
sarscov 2019ncov,1
best available,1
specificity rtlamp,1
2400 february,1
samples test,1
medical assistance,1
atypical symptoms,1
psychological effects,1
domestic places,1
increasing 14,1
namely comorbidity,1
disease plays,1
ill patients,1
soon strong,1
take three,1
identification regions,1
2005 countries,1
tests isolation,1
may accelerate,1
amyloida laboratory,1
mathematical model,1
hazards within,1
next steps,1
sarscov2 disease,1
understand national,1
rapidly china,1
predicted end,1
transmission required,1
pangolincov lowest,1
supplies provided,1
2020 2019nov,1
2019ncovlike coronavirus,1
missed diagnosis,1
comorbidity age,1
process viral,1
highintensity cities,1
countries may,1
nationwide surveillance,1
could essentially,1
develop effective,1
february regional,1
however reverse,1
associated disease,1
tests implies,1
psychological services,1
clear rationale,1
6 control,1
began october,1
available used,1
city hunan,1
ards important,1
controlled trials,1
resources inability,1
actual dynamics,1
continued spreading,1
viewed articles,1
world taiwan,1
independent predictor,1
discovered hubei,1
previous findings,1
measures lung,1
2 ace2,1
world generated,1
yet could,1
extent provides,1
coronavirus covid19,1
enhance process,1
assess expensive,1
asymptomatic carriers,1
including 2019ncov,1
high least,1
followup ct,1
provide psychological,1
protect healthcare,1
province 26701,1
usually mild,1
diarrhea hemoptysis,1
municipal health,1
prediction models,1
research object,1
impact control,1
spread end,1
injury need,1
rapid growth,1
encouragements suggestions,1
expansion 2019novel,1
international spread,1
noted 2019ncov,1
outbreak epidemic,1
also carried,1
independent identification,1
since many,1
however rigorous,1
relationship 2019ncov,1
illness results,1
countrys medical,1
take strong,1
warning protective,1
various countries,1
stage illness,1
outbreaks underpinned,1
conduct early,1
maintained especially,1
support early,1
disease spread,1
diagnosis covid19,1
10 epidemic,1
hospital setting,1
relevant preprint,1
data ongoing,1
characteristics ncip,1
needed key,1
ability effectively,1
paper reviewed,1
included longer,1
2019 number,1
31 2020,1
lymphocyte counts,1
cases period,1
declines remains,1
2019 novel,1
samples generated,1
using electronic,1
feb6 feb1,1
utilization tight,1
medical attention,1
number thirdgeneration,1
adjusted according,1
measures outbreak,1
support fight,1
2020 number,1
changes comparison,1
sore throat,1
clinical process,1
rate 2019,1
ongoing outbreak,1
strengthen two,1
daily number,1
time numbers,1
posttraumatic stress,1
temporary logistics,1
cytokine storm,1
despite increasing,1
measures contain,1
patients could,1
vertical transmission,1
assessment model,1
breath sounds,1
infection 2019ncov,1
quarantine deemed,1
method detect,1
patients muscle,1
undoubtedly critical,1
2019ncov patients,1
sharp upswing,1
systematic analysis,1
outbreaks adequate,1
ace2 relationship,1
diseasesfour clinical,1
status real,1
way covid19and,1
better protect,1
province highintensity,1
although virus,1
100 million,1
earlier strong,1
facing huge,1
within two,1
decelerate midfebruary,1
available evidence,1
scans within,1
multiple treatment,1
evolutionary evidences,1
reducing severity,1
outbreak phenomenological,1
briefly tencent,1
measures insisted,1
liu et,1
compare quantify,1
2019ncov treatment,1
incidence parameters,1
investigation demographic,1
essentially counteract,1
local risk,1
order end,1
outbreak number,1
saliva oropharyngeal,1
regulator reninangiotensin,1
epidemic covid19,1
identification diagnosis,1
swabs nasopharyngeal,1
methods aspects,1
indicates pangolincov,1
could reduce,1
inability treat,1
arbidol supports,1
possible associated,1
epidemic terms,1
platform control,1
project epidemic,1
predicted feb6,1
virus kept,1
causes infection,1
forecasting covid19,1
province sars,1
infection period,1
mild asymptomatic,1
announced public,1
systems curb,1
previous contact,1
harm disease,1
data platform,1
individuals potentially,1
outbreak including,1
optimal utilization,1
cumulative case,1
countermeasures recent,1
series prevention,1
predictions emphasize,1
dynamic risk,1
highly contagious,1
counterbalance authorities,1
results could,1
city subsequent,1
china use,1
recovered cases,1
preliminary subject,1
common abnormalities,1
imported case,1
infectivity efforts,1
related sarscoronavirus,1
detection reduce,1
services medical,1
accounts eosinophils,1
taken sustained,1
study provided,1
could used,1
waste covid19,1
outbreak expected,1
however research,1
symptoms confusion,1
official chinese,1
49 papers,1
significant covid19,1
b cell,1
two outbreaks,1
articles hundreds,1
hiv virus,1
transmission way,1
reported short,1
steps covid19,1
transmission patterns,1
recognition 2019ncov,1
multiple phylogenetic,1
7 days,1
system greatly,1
fully understand,1
disease discovered,1
cases mortality,1
storm well,1
results cell,1
epidemic mainland,1
paper uses,1
necessary officials,1
pregnancy atypical,1
relationship countrys,1
concern requires,1
researches focused,1
ship caused,1
january 26,1
planned work,1
earlier sars,1
mortality highly,1
originating wuhan,1
together argue,1
specifically detected,1
suggests basic,1
model infectious,1
overall incubation,1
2019ncov require,1
rigorous control,1
swabs samples,1
consequently impact,1
epidemic predictions,1
doctors medical,1
considering different,1
indexes improve,1
rate hubei,1
point control,1
24 included,1
confirmed diagnosis,1
information protocols,1
old age,1
pneumonia usually,1
implementing capacity,1
well consciousness,1
contacts prone,1
earliest since,1
genomic evolutionary,1
identify number,1
estimate future,1
timely effective,1
spreading would,1
routes reported,1
symptoms clear,1
reduce human,1
inspirative encouragements,1
hubei respectively,1
function support,1
psychological impact,1
using epidemiological,1
aimed discuss,1
hospital certified,1
regions targets,1
measures key,1
finding papers,1
migration especially,1
currently another,1
depending date,1
rapidly provinces,1
interventions immediately,1
since first,1
helpful trace,1
analyses among,1
tracing effectively,1
ranges basic,1
upswing covid19,1
maintained restrictive,1
emigration rate,1
covid19 simulated,1
third trimester,1
cases per,1
second outbreak,1
given early,1
reached turning,1
examinationsome people,1
country also,1
short period,1
earlier feb,1
especially strict,1
diagnosis isolation,1
caused severe,1
parameters determined,1
cases quarantined,1
abnormal chest,1
distancing ends,1
pandemic method,1
definitively stop,1
groups patients,1
risk coronaviruses,1
could completed,1
resources hubei,1
participants staying,1
peak incidence,1
respectively pangolincov,1
predictions identified,1
mildly ill,1
covid19 related,1
middle east,1
quarantine close,1
relationship vulnerability,1
growth disease,1
connectivity countries,1
huge challenge,1
dynamics covid19,1
protection avoid,1
compared characteristics,1
beijing considering,1
serve useful,1
prior publication,1
data trends,1
communicated patients,1
published later,1
virus pathogenicity,1
ocular complications,1
china hubei,1
shutoff covid19,1
field potential,1
results future,1
named pangolincov,1
sarscov2 vital,1
surveillance via,1
spread high,1
suggested longlasting,1
population elderly,1
populations using,1
patients still,1
broken 2003,1
strictly control,1
december 31st,1
long maintained,1
cases use,1
early alarm,1
still facing,1
assessment according,1
discourse public,1
emergencies half,1
outbreak improperly,1
hospital system,1
crrt ecmo,1
capability healthcare,1
key aminoacid,1
infection spreads,1
heterogeneity geographic,1
pneumonia announced,1
probable intermediate,1
strict social,1
ggo mixed,1
suspected cases,1
ranges 24355,1
groups epidemic,1
risk population,1
cough common,1
staying regions,1
semesters consequently,1
depression among,1
services better,1
domestic disease,1
objective study,1
ministry health,1
quickly achieve,1
results highlighted,1
aimed characterize,1
quick increasing,1
allocating emergency,1
increasing number,1
increasing caused,1
remains challenge,1
ards diarrhea,1
transmission route,1
last january,1
timely manner,1
rate positive,1
design temporary,1
outbreak announced,1
outbreak traced,1
study estimate,1
duration infection,1
learning education,1
potential ports,1
design epidemic,1
high ace2,1
brought work,1
largescale pneumonia,1
published 20,1
emphasize importance,1
showed significant,1
could potential,1
essential assess,1
decisive adoption,1
studies published,1
assessing robustness,1
accelerate enhance,1
china widely,1
rate clinical,1
paper suggested,1
disease suggesting,1
province well,1
covid19 transmission,1
characteristics two,1
families communities,1
information evaluate,1
strong interventions,1
syndrome mers,1
illness caused,1
demonstrated diamond,1
patients widely,1
quickly international,1
migration limited,1
global epidemic,1
paper aimed,1
widely tracing,1
related 2019ncov,1
huge patient,1
burden therefore,1
building action,1
medical care,1
basis study,1
coronaviruses rtlamp,1
treatment prompt,1
could develop,1
worldwide using,1
mortality risk,1
individuals still,1
final victory,1
february 10,1
population high,1
strict monitoring,1
nonofficial sources,1
patients sarscov2,1
health concern,1
relaxation isolation,1
knowledge actual,1
findings confirmed,1
covid19 fact,1
control factories,1
rate patients,1
positively related,1
evidence shows,1
serum ferritin,1
new global,1
temporary incinerators,1
2019ncov amyloida,1
strong concealment,1
critical care,1
tried explain,1
cases still,1
china exported,1
linear relationship,1
could three,1
peer viewed,1
data substantially,1
pneumonia low,1
results provide,1
waste treatment,1
relationship coronaviruses,1
workers developing,1
transmissibility assessment,1
help understand,1
across highincome,1
useful prognostic,1
events may,1
suggestions current,1
patients achieve,1
older men,1
taken together,1
26701 ranges,1
susceptible relatively,1
january nature,1
originated concluded,1
cumulative confirmed,1
started spreading,1
world use,1
cases respiratory,1
models uncertainty,1
future cases,1
presented typical,1
zhejiang province,1
gradually decreasing,1
exposure infected,1
potential starting,1
residues involved,1
describes common,1
mortality disease,1
timely decisive,1
covid19 heterogeneity,1
eosinophils imaging,1
late 2019,1
generated analyze,1
2003 implemented,1
outbreak diamond,1
impact coronavirus,1
special groups,1
quantitative reverse,1
government prevent,1
increased fast,1
matched cell,1
transmission successful,1
throat shock,1
sets nonofficial,1
outbreak city,1
fears frustration,1
outbreaks like,1
model suggests,1
results study,1
treatment efficacy,1
population number,1
first secondgeneration,1
patients exhibited,1
patientsthe mortality,1
concentrated living,1
needed definitively,1
population various,1
rtlamp evaluated,1
rtpcr conjunctival,1
expression population,1
readers since,1
number covid19,1
49 peer,1
learning place,1
medical staff,1
guide developed,1
publications 29,1
genomes 2019ncovs,1
characteristics efficacy,1
time research,1
point china,1
come contact,1
covid19 clustering,1
targeting critical,1
selfsustaining outbreaks,1
incidence impact,1
outbreaks infectious,1
named 2019,1
compared scenario,1
verified approximately,1
electronic stethoscope,1
series quarantine,1
january current,1
evidence planned,1
january 23rd,1
datadriven analysis,1
manage patients,1
combination pcr,1
demonstrate relevant,1
spread future,1
effectively quarantine,1
staffs previous,1
world quickly,1
fact however,1
resources however,1
1000 simulation,1
decrease cumulative,1
epitopes 2019ncov,1
date taken,1
existing data,1
model validated,1
2019ncov demonstrate,1
estimates preliminary,1
identified special,1
data january,1
ncp severity,1
countries vary,1
also matched,1
sarscoronavirus indicate,1
observational study,1
formulated wuhan,1
deaths 12,1
readily applied,1
31st hubei,1
short serial,1
27th february,1
study based,1
travel status,1
application data,1
cd8 cells,1
spread new,1
upro study,1
high probability,1
2019 rapidly,1
circulation wuhan,1
pangolincov similar,1
low peak,1
aims effective,1
make reasonable,1
ongoing international,1
coronavirus terms,1
improve preparedness,1
associated outbreak,1
tilt vital,1
imaging pattern,1
methods conduct,1
required full,1
clustering onset,1
data regarding,1
quarantine duration,1
within part,1
consolidation ct,1
well confirmed,1
covid19 started,1
active strategies,1
finding environment,1
falsenegative results,1
disease couldnt,1
type realtime,1
treatment management,1
majority reviewed,1
parties improve,1
outbreak may,1
well denselypopulated,1
provide good,1
databases 3166,1
infection characters,1
continuous nucleic,1
department strengthen,1
though estimates,1
risk depression,1
vulnerability days,1
including symptoms,1
decreasing epidemic,1
2019ncov bestcharacterized,1
muscle ache,1
special mental,1
syndrome sras,1
plan formulated,1
multiobjective multiperiod,1
usage high,1
reduce risk,1
starting time,1
start time,1
cruise outbreak,1
may effectively,1
implied official,1
pregnant women,1
minutes approach,1
common ancestor,1
aim highlight,1
trends reveal,1
estimate incidence,1
nucleic sequence,1
significant correlations,1
papers published,1
aid screening,1
severe coronavirus,1
prior peer,1
covid19 caused,1
potential strategy,1
many aspects,1
low fever,1
jan 23,1
600 still,1
interest prior,1
publichealth efforts,1
particularly global,1
deaths thanks,1
healthcare facilities,1
pangolincov much,1
vaccine usage,1
governmental measures,1
global outbreak,1
also left,1
symptoms account,1
capacities enable,1
significant risk,1
period covid19,1
greatly facilitate,1
using data,1
symptoms well,1
realworld case,1
china taken,1
including ongoing,1
approaches reflects,1
however little,1
emerging global,1
coronaviruses detected,1
potential intermediate,1
rate wuhan,1
argue preprints,1
lesion positively,1
publicity supervision,1
ache followed,1
crises however,1
lungs spontaneously,1
2019ncov acute,1
kong japan,1
infections transmission,1
among insights,1
students might,1
china important,1
increase medical,1
disease control,1
establishment operations,1
clinical treatment,1
existing models,1
characteristics virus,1
severity treatment,1
days approximately,1
curves 2019ncov,1
number declining,1
government brought,1
emergency resources,1
enhancing quarantine,1
cause epidemic,1
correlations clinical,1
analysis combine,1
health systems,1
far cumulative,1
suspected 2019ncov,1
epidemic although,1
fever fatigue,1
four types,1
study reminded,1
step unpredictable,1
occurrence 2019ncovlike,1
therapy may,1
exceed 34000,1
countries analysed,1
stop march,1
efficacy ncp,1
dyspnea confusion,1
possibility second,1
detected ncp,1
however despite,1
laboratory measurements,1
statistics covid19,1
ct images,1
managing health,1
spreads world,1
infection fears,1
role screening,1
previous viruses,1
half countries,1
enzyme 2,1
onset strong,1
higher factor,1
causes severe,1
used imply,1
accurate method,1
might valuable,1
disease may,1
hospitalized patients,1
could controlled,1
staffs patients,1
reminded us,1
lowincome areas,1
resources places,1
assessment spatiotemporal,1
cumulative cases,1
points daily,1
one regions,1
risk sars,1
covid19 wuhan,1
provides inspirative,1
parts china,1
papers summarized,1
china except,1
topics paper,1
kidney heart,1
tracing close,1
total 49,1
focused establishment,1
asymptoms type,1
forecasting size,1
risk covid19,1
hunan province,1
cases current,1
highlighted importance,1
overseas confirmed,1
little information,1
expansion closure,1
outbreak occupation,1
patients mainly,1
government since,1
covid19 mild,1
primarily focused,1
appeared wuhan,1
personally effective,1
identified coronavirus,1
reported negative,1
high time,1
variances strength,1
direct personal,1
ratg13 five,1
ace2 emerged,1
epidemic preliminary,1
regions using,1
facilitate optimal,1
world according,1
2020 exist,1
existing outbreaks,1
would implied,1
huge numbers,1
effectively prevent,1
isolation plan,1
could noninvasiveconvenient,1
gastroenterologists strengthen,1
develop mortality,1
covid19and ocular,1
called covid19,1
including education,1
sum exposed,1
evaluated also,1
may virus,1
tracing longitudinally,1
caused 40000,1
task explore,1
samples sarslike,1
main land,1
coronavirus however,1
diseases parameters,1
hospitalization effects,1
facilities worldwide,1
pathogenic potential,1
cases associated,1
countries china,1
opacity bilateral,1
capacity prevent,1
provide timely,1
article still,1
end outbreak,1
infection cell,1
test results,1
guangdong province,1
given alarm,1
strategies measures,1
china healthcare,1
treated may,1
dec 2019,1
32406 rapid,1
global readiness,1
dramatic time,1
develop mathematical,1
epidemic analyzed,1
closure parts,1
identified multiple,1
regions outside,1
virus disease,1
uses new,1
30th ranges,1
effective reducing,1
multifocal patchy,1
close end,1
virus transmission,1
studies reported,1
select epidemic,1
denselypopulated cities,1
epidemic grow,1
underestimated cases,1
still larger,1
rigorous measures,1
three electronic,1
end epidemic,1
regional migration,1
vary widely,1
necessary effectively,1
electronic auscultation,1
characters 2019ncov,1
however communicable,1
show preprint,1
chest pain,1
infectious emergency,1
pronounced patients,1
union hospital,1
asymptomatic nonpneumonia,1
cure rate,1
trimester pregnancy,1
many articles,1
fatality current,1
according treatment,1
selfisolate quarantine,1
resource iedb,1
third medical,1
movement january,1
spread person,1
subject change,1
prevent manage,1
increase nationwide,1
illness highly,1
high humantohuman,1
headache sore,1
provide basis,1
new credible,1
human ace2,1
initial epidemic,1
therefore paper,1
emergencies including,1
uncommon covid19,1
underpinned global,1
protective actions,1
outbreak time,1
data related,1
2020 nearly,1
put suspected,1
2019 epidemic,1
exhibited increased,1
nature journal,1
improve focal,1
emergencies also,1
patients discharged,1
world exceed,1
strict respect,1
fever clinics,1
ferritin able,1
means assessing,1
findings indicate,1
spontaneously clinical,1
future studied,1
covid19 verified,1
control strong,1
china current,1
impact novel,1
reduce scale,1
timely contact,1
thereby minimizing,1
analysis resource,1
middle february,1
good method,1
measures implemented,1
casualties aimed,1
fever cough,1
eosinophil rate,1
china calculated,1
ensure prompt,1
combination fever,1
patients quarantine,1
approaches efficient,1
search news,1
secondary transmission,1
around onefifth,1
rapid expansion,1
china support,1
transmission capability,1
would braked,1
wuhan significantly,1
number sars,1
china jan,1
public may,1
role coronaviruses,1
related factors,1
severity n8r,1
early diagnosis,1
diagnosis criteria,1
china caused,1
elderly people,1
within short,1
disease forecasting,1
infer still,1
period start,1
measures local,1
coronaviruses including,1
spread immune,1
effectively control,1
conducted modeling,1
virus diagnosis,1
well possible,1
employed four,1
significantly increased,1
cases highest,1
festival 100,1
two approaches,1
infection severe,1
world initial,1
countries plan,1
may useful,1
age ast,1
cases main,1
new cases,1
risk index,1
four aminoacid,1
outpatients fever,1
considering possibility,1
cases appeared,1
2019ncov independent,1
patients longer,1
strategy prevent,1
multiple specific,1
diagnosis clinical,1
indicate role,1
kept increasing,1
rtlamp well,1
support cases,1
taken throughout,1
perspective developed,1
secondgeneration cases,1
covid19 outbreaks,1
infection healthcare,1
outbreaks wuhan,1
conventional qrtpcr,1
delivering medical,1
released complete,1
imported confirmed,1
admission associated,1
ratg13 respectively,1
laboratory also,1
carried improve,1
realtime rtpcr,1
covid19 2019ncov,1
people muscle,1
greatly reduce,1
cases china,1
whole genome,1
blood test,1
progression greatly,1
restrictive measures,1
cases evidence,1
conducted published,1
factors upro,1
14 days,1
nonpneumonia cases,1
distress syndrome,1
weeks communicated,1
dyspnea combination,1
major public,1
n8r may,1
emergencies application,1
workers rework,1
interventions controlling,1
infectiousness considering,1
2005 also,1
similar pathogenic,1
traced china,1
cluster events,1
outward circulation,1
reported worldwide,1
potential hypothesis,1
high infectivity,1
present asymptoms,1
identification severe,1
fulfilment investigation,1
also recommended,1
infections present,1
october late,1
several papers,1
expensive resourceintensive,1
risk populations,1
effective protection,1
highest nucleic,1
analysed study,1
rate measures,1
usually presented,1
novel multiobjective,1
workers engaging,1
healthcare hazards,1
monitor viral,1
currently epidemic,1
infection decisions,1
26th april,1
virus parallel,1
using reported,1
aminoacid residues,1
social support,1
stage next,1
s1 protein,1
2020 43000,1
regions 2019ncov,1
images reduce,1
quarantine information,1
infected persons,1
covid19 hierarchical,1
care underestimated,1
attention protective,1
main manifestations,1
one third,1
assay provide,1
significant take,1
estimated 23,1
outbreak valuable,1
plan selfisolate,1
future insufficient,1
epidemic nevertheless,1
data pangolin,1
using three,1
object establish,1
studied recently,1
external support,1
peripheral lymphocyte,1
differences need,1
treatment covid19,1
quarantine isolation,1
parameters presentation,1
resumed work,1
epidemic spread,1
exposure history,1
level public,1
temporary reverse,1
longitudinally surveillance,1
like sarscov,1
human exposure,1
respiratory distress,1
swabs portion,1
medical workers,1
prevention wuhan,1
complete genomes,1
movement superspreader,1
disease onset,1
secondary infections,1
research focus,1
2020 coronavirus,1
regions effective,1
batcov ratg13,1
clinical guide,1
actual lower,1
papers found,1
respect prevention,1
conclusion source,1
quarantine crucial,1
interventions model,1
spread parts,1
high mortality,1
detected rtpcr,1
phylogenetic analyses,1
stop independent,1
epidemic increase,1
performed 30,1
individuals 7,1
epidemic stage,1
indicate possibility,1
improperly treated,1
fight epidemic,1
experience provides,1
february 2nd,1
prevention strategies,1
host sarscov2,1
predictor ncp,1
management exponentially,1
parameters outbreak,1
stressors included,1
critically ill,1
provinces china,1
remained extremely,1
restriction imported,1
immune recognition,1
higher severe,1
leadership strict,1
methods well,1
peak value,1
viruses well,1
control predict,1
area show,1
rate upro,1
diagnosis early,1
epidemic 60,1
time recommended,1
respiratory illness,1
confusing readers,1
spring festival,1
anger stressors,1
medical burden,1
outbreak paper,1
minimizing secondary,1
vital control,1
spread pose,1
states parties,1
coronavirus influenza,1
severity epidemic,1
highly suspicious,1
even uncertainty,1
commission parameterize,1
insomnia symptoms,1
needed keepreduce,1
could easily,1
cases beijing,1
candidates significant,1
independent selfsustaining,1
bestcharacterized coronavirus,1
still close,1
data evaluate,1
2019ncov many,1
identical whole,1
number critically,1
significantly cause,1
cases estimate,1
attention psychological,1
period infection,1
provinces would,1
covid19 nucleic,1
countries total,1
million school,1
lower fatality,1
regions high,1
improving detection,1
adopted chinese,1
soreness fatigue,1
associated icu,1
throughout china,1
operations temporary,1
maintained prevent,1
still vulnerable,1
epidemic spreading,1
contact infection,1
measures helped,1
pneumonia exposure,1
metropolitan areas,1
1st february,1
terms epitope,1
immune epitope,1
attention public,1
finally observed,1
associated 2019ncov,1
patient hiv,1
integer program,1
16 january,1
trend cumulative,1
mixed integer,1
analyses reveal,1
likely form,1
staffs needed,1
spatiotemporal epidemic,1
population density,1
feb 11,1
people still,1
found genomic,1
number total,1
recent gastrointestinal,1
consistent pangolincov,1
case occurred,1
prevention cluster,1
risk analysis,1
effectively manage,1
attention duly,1
management doctors,1
lower severe,1
fetus pregnant,1
using growing,1
hubei february,1
relatively low,1
ratg13 indicates,1
degree pulmonary,1
capabilities various,1
isolation recommendation,1
gap knowledge,1
worldwide risk,1
still increased,1
surveys analyses,1
pneumonia infection,1
require external,1
using two,1
burden people,1
method reduce,1
articles finding,1
even closure,1
case new,1
resource catalog,1
demand hfnc,1
approach could,1
tool quickly,1
treatment method,1
hundreds article,1
alert recognize,1
transmission throughout,1
focused targeting,1
significant association,1
period cohort,1
provided compelling,1
service vital,1
rna 2019ncov,1
efforts significantly,1
highly suspected,1
drastic governmental,1
days decrease,1
sufficient supplies,1
progressions early,1
seen many,1
national readiness,1
individuals beijing,1
doctor interventions,1
managerial implications,1
confusion chest,1
wbc eosinophil,1
february 19,1
patients low,1
according authoritative,1
reasonable management,1
stages early,1
support governments,1
thanks timely,1
potential b,1
problems perceived,1
found 24,1
types ai,1
still preprint,1
compelling evidence,1
infection high,1
factor early,1
patchy peripheral,1
identified infection,1
investigation obviously,1
20 journals,1
need future,1
et deep,1
disease global,1
partly due,1
would dramatic,1
health populations,1
cough mild,1
death largely,1
professionals alert,1
also postpone,1
risk 2019ncov,1
source 2019ncov,1
consciousness prevent,1
twostage simulation,1
years researches,1
april 19th,1
seiqdr model,1
epidemic learning,1
given 2019ncov,1
clinical symptoms,1
members high,1
respectively epidemic,1
keep quick,1
preprints capable,1
people potentially,1
cases although,1
significant treats,1
initial infection,1
form programmed,1
given design,1
crucial integratetriangulate,1
homology sars,1
features groundglass,1
epidemic curves,1
reports possibly,1
government data,1
number infected,1
noninvasiveconvenient feasible,1
may also,1
infection effective,1
31 though,1
data analysis,1
2019ncov outpatients,1
24355 32406,1
currently place,1
preprint studies,1
association clinical,1
sequence similarity,1
symptoms usually,1
turning point,1
measures medical,1
glass opacity,1
international human,1
2019ncov four,1
aspects new,1
lymphopenia proinflammatory,1
caused 600,1
9102 9055,1
estimate ranges,1
contain existing,1
boredom inadequate,1
sources data,1
fist given,1
increased medical,1
number unreported,1
conducted rapid,1
injury aggravate,1
possibly accurate,1
increased china,1
necessary provide,1
classified epidemic,1
deemed necessary,1
uncertainty analyses,1
medical comorbidities,1
groundglass opacity,1
spreading around,1
based connectivity,1
detected covid19,1
results vital,1
reported cremations,1
declining lower,1
rtlamp may,1
prevent spread,1
stage clinical,1
quarantine using,1
depression major,1
ast lymphopenia,1
capable driving,1
covid19 induced,1
end current,1
wuhan hubei,1
screening diagnostic,1
rapid review,1
scientists journals,1
health china,1
quarantine based,1
including sarscov,1
density students,1
focal absorption,1
process disease,1
province severe,1
cities globally,1
ncp cd8,1
province requires,1
aspects according,1
63 countries,1
need strictly,1
lung samples,1
similarity previous,1
vital importance,1
results show,1
published 3,1
approximately equal,1
currently exist,1
china predicted,1
sars 2003,1
34000 cases,1
real time,1
analyses early,1
widely terms,1
cases gradually,1
2020 using,1
25 countries,1
patients therefore,1
use model,1
itinerary big,1
ratio covid19,1
may serve,1
infected death,1
recently noted,1
properly running,1
climbing assisting,1
shows high,1
isolation environment,1
sarscov outbreak,1
provide epidemic,1
occur ratg13,1
patients even,1
vaccines pathogenicity,1
china virus,1
show turning,1
impact quarantine,1
cities shanghai,1
broadened clinical,1
treatment epidemic,1
study specific,1
control 2019ncov,1
would helpful,1
interim gap,1
significantly decreased,1
inadequate information,1
however crucial,1
china especially,1
clinical laboratory,1
explain source,1
simulate spatiotemporal,1
likely develop,1
summarized moreover,1
management prognosis,1
fever lower,1
may lead,1
particularly pronounced,1
china countrys,1
2020 earliest,1
pneumonia outbreak,1
men disease,1
suggesting electronic,1
province still,1
reflects high,1
viral spread,1
systems capacities,1
preprint findings,1
stringent prevention,1
reveal epidemics,1
tended independent,1
global crisis,1
responsive logistics,1
highly transmissible,1
feb 27,1
covid19 sarscov2,1
vulnerability covid19,1
inadequate supplies,1
patients acp,1
might implications,1
numbers publications,1
may higher,1
insufficient covid19,1
cumulative deaths,1
except hubei,1
pathogenicity symptoms,1
covid19 worldwide,1
valuable responding,1
terms infection,1
symptoms treatment,1
vulnerable groups,1
know happened,1
genomic characteristics,1
treatment 2019ncov,1
front line,1
could efficiently,1
considered means,1
abnormalities breath,1
model provide,1
cases mild,1
period model,1
coronavirus originating,1
pyroptosis put,1
trace origin,1
pneumonia candidates,1
virus infection,1
9114 beijing,1
progress severe,1
genomic map,1
suspected covid19,1
contact hospital,1
case fatality,1
predict end,1
contained continued,1
convenient tool,1
princess ship,1
early transmissibility,1
lymphopenia homodirectional,1
useful convenient,1
like ards,1
people staying,1
indicator 2019ncov,1
various regions,1
epidemiology treatment,1
relevant information,1
testing pointofrisk,1
mainly upper,1
least partly,1
severe patients,1
virus nucleic,1
growing process,1
age lymphocyte,1
education level,1
23 times,1
workers resume,1
parallel bionformatic,1
probable cases,1
certified ministry,1
sustained efforts,1
disease similar,1
crisis order,1
wuhan union,1
swabs combination,1
obvious acute,1
completed 30,1
epidemic hunan,1
prevent cv,1
spreads rapidly,1
months confirmed,1
acid detection,1
mild mostly,1
lung kidney,1
rapidly within,1
among population,1
sras middle,1
2019ncov emerging,1
estimation provided,1
pneumonia patients,1
tools understand,1
size infected,1
preliminary control,1
epidemic control,1
accurate numbers,1
current cure,1
march 30th,1
relation 2019ncov,1
imaging plays,1
engaging daily,1
isolation strategy,1
enable effective,1
22nd growth,1
analysis support,1
suppressed conducted,1
period could,1
viruses cv,1
2019ncov epidemics,1
development data,1
attribute wbc,1
propagation would,1
virus published,1
based quantitative,1
insights computational,1
gastrointestinal symptoms,1
similar severe,1
disease elderly,1
diseases acute,1
developing possible,1
associated symptoms,1
oropharyngeal swabs,1
occult clinical,1
hunan guangzhou,1
wuhan community,1
robustness preprint,1
short analysis,1
communicable period,1
isothermal amplification,1
pure ground,1
consolidation predominant,1
although epidemic,1
exponential decrease,1
identified close,1
suspected class,1
china based,1
level upro,1
predominant lower,1
2019ncovs helped,1
using publicly,1
2019ncov available,1
order effectively,1
included review,1
identify group,1
screening diagnosis,1
pyroptosis paper,1
importance years,1
february 6,1
journal highest,1
decrease 9114,1
different scenarios,1
death patients,1
population could,1
february papers,1
higher staying,1
ratg13 s1,1
places overseas,1
decreased pandemic,1
due high,1
diseases provide,1
type light,1
presentation namely,1
staff suffered,1
gaps currently,1
coronavirus associated,1
amplification rtlamp,1
ace2 expression,1
comparison guangdong,1
implications still,1
emerges metropolitan,1
currently spatiotemporal,1
operational readiness,1
places huge,1
stethoscope extent,1
cells tended,1
reveal quick,1
ill hospitalization,1
characteristics using,1
discuss relationship,1
superspreader nationwide,1
programmed cell,1
daily interaction,1
rtlamp specifically,1
intensity epidemic,1
exceeds sars,1
symptoms covid19,1
carriers identified,1
first week,1
lungs might,1
available cumulative,1
prompt isolation,1
expected stop,1
effectively protect,1
knowledge lessons,1
epidemic far,1
cases hubei,1
loopmediated isothermal,1
community screening,1
urine saliva,1
countries around,1
students concentrated,1
resume work,1
heart early,1
still obtained,1
transmission novel,1
three weeks,1
important attribute,1
route genomic,1
value travel,1
operating temporary,1
health travel,1
monitor itinerary,1
suggested baricitinib,1
epidemic reached,1
important continue,1
requires rapid,1
since large,1
driving global,1
consider high,1
2019ncov make,1
number patientsthe,1
potentially come,1
large population,1
many countries,1
south korea,1
us pay,1
changes number,1
since february,1
ie basic,1
29 january,1
similar topics,1
specific regions,1
adequate protection,1
expected january,1
hong kong,1
methods huge,1
larger one,1
majority covid19,1
positive correlation,1
coronavirus sarscov2,1
focus given,1
family members,1
indexes associated,1
deep assembly,1
outbreak related,1
caused 2019ncov,1
phenomenological modeling,1
study found,1
screening efforts,1
peer review,1
resumption population,1
well controlled,1
demonstrated progressions,1
worldwide need,1
far rigorous,1
importance major,1
oxygen therapy,1
exist potential,1
open spring,1
service allocating,1
possible sequela,1
quantitative analyses,1
admission results,1
ncip patients,1
clinical features,1
2019ncov batcov,1
ranges march,1
symptoms blood,1
hfnc oxygen,1
cities consider,1
supplies inadequate,1
urgently need,1
disease severity,1
renamed virus,1
daily infections,1
medical intervention,1
media interest,1
29 given,1
quantify initial,1
analysis conducted,1
may key,1
actions prevention,1
models possible,1
tremendous increase,1
reported including,1
province sustained,1
2019 january,1
important gastroenterologists,1
features showed,1
need investigation,1
parameters adjusted,1
typical groundgrass,1
counteract underestimation,1
virus similar,1
published 2019ncov,1
forward varying,1
underlying diseases,1
infection lungs,1
review psychological,1
qrtpcr currently,1
local public,1
pangolincov dead,1
wuhan epidemic,1
cases yet,1
wuhan mostly,1
per day,1
reninangiotensin system,1
cases due,1
1 2019,1
treat underlying,1
information particularly,1
risk based,1
protocols ensure,1
high rate,1
demographic characteristics,1
recommended migrant,1
general managerial,1
across seven,1
including posttraumatic,1
possible infection,1
elderly patients,1
vital make,1
cheaper field,1
brought wuhan,1
obviously covid19,1
infection long,1
found ncip,1
china reported,1
semester also,1
managing tremendous,1
school students,1
implications services,1
pcr test,1
spring semesters,1
cases novel,1
56 days,1
diagnosis rate,1
electronic databases,1
outbreak emerges,1
crucial early,1
atypical limited,1
involves collaboration,1
small number,1
accelerate disease,1
challenge especially,1
hence timely,1
epidemic china,1
27 2020,1
absorption radiologic,1
risk coronavirus,1
global variances,1
patient loads,1
outbreak seen,1
responses identified,1
unpredictable storm,1
controlled strong,1
diagnoses hubei,1
situation 2400,1
malayan pangolins,1
approximately 56,1
beijing compared,1
completely consistent,1
helped rapid,1
interventions insomnia,1
slowing epidemic,1
infection timely,1
disease coronaviruses,1
loss stigma,1
china finding,1
novel twostage,1
longer necessary,1
preliminary risk,1
total 1000,1
entry high,1
pain admission,1
tested using,1
patients degree,1
2020 feb,1
perceived social,1
numbers cumulative,1
characterize clinical,1
monitoring exposed,1
sounds distribution,1
study develop,1
cases country,1
implemented chinese,1
covid19 progress,1
detect early,1
preparedness strengthen,1
rapid screening,1
limited prohibited,1
hospitalization however,1
seven regions,1
technology screen,1
diagnostic virus,1
obtained based,1
diabetes likely,1
management urgently,1
spatiotemporal spread,1
epidemic pneumonia,1
potentially aid,1
consistent previous,1
transmission fetus,1
pathogenesis symptoms,1
control health,1
major outbreaks,1
factories resumed,1
intervention crrt,1
highest numbers,1
iedb resource,1
1000 deaths,1
women still,1
first paper,1
count eosinophil,1
reinvestigated published,1
global discourse,1
princess cruise,1
study currently,1
measures maintained,1
emergence movement,1
incidence depression,1
published data,1
possible changes,1
unreported cases,1
preventing managing,1
evidence vertical,1
apr 1,1
part commitment,1
easily spread,1
subsequent expansion,1
ports entry,1
hope develop,1
monitoring infected,1
grow slowly,1
suggest installing,1
epidemic block,1
numbers articles,1
change consistent,1
published followed,1
genome level,1
limited cases,1
january 23,1
stress symptoms,1
effective far,1
2019ncov result,1
present study,1
tendency covid19,1
impairment uncommon,1
patients ncp,1
areas finally,1
fatality lower,1
matched 2019,1
covid19 detection,1
group patients,1
epidemiological surveys,1
pulmonary lesion,1
covid19 currently,1
nearly 3000,1
analyzed epidemic,1
current february,1
cases interim,1
could effectively,1
ct imaging,1
images often,1
workers personally,1
ignored existing,1
virus remained,1
require development,1
strategy improving,1
diseases findings,1
based number,1
generated spatiotemporal,1
2019ncov healthcare,1
3 february,1
applied bedside,1
sarscov2 infection,1
faster cheaper,1
future worldwide,1
however recommend,1
aid diagnosis,1
ct scans,1
2020 school,1
protection exposure,1
findings regarding,1
worldwide spread,1
pangolin lung,1
health crises,1
keepreduce ùëÖùëê,1
longlasting effects,1
effective response,1
hubei fatality,1
mostly presenting,1
suspicious 2019ncov,1
efforts needed,1
able identify,1
screen patients,1
emergence rapid,1
rigorous screening,1
crucial shutoff,1
days earlier,1
12 february,1
infected patients,1
comorbidities dyspnea,1
largely studied,1
chinese authorities,1
stigma suggested,1
negative psychological,1
test performed,1
depression pay,1
research general,1
effects particularly,1
imaging features,1
opacity ggo,1
model predictions,1
validated realworld,1
areas closure,1
stage sars,1
continue enhancing,1
factor 5,1
based outbreak,1
measures well,1
help understanding,1
wuhan municipal,1
cremations reports,1
potential health,1
respiratory symptoms,1
stage mass,1
environment social,1
trials patients,1
locations may,1
timely organ,1
2020 chinese,1
current covid19,1
predict covid19,1
infectivity population,1
onset imported,1
light cough,1
similar sars,1
responses however,1
couldnt contained,1
spread globally,1
virus severe,1
integratetriangulate findings,1
develop rapid,1
proinflammatory cytokine,1
pointofrisk objective,1
may require,1
staying wuhan,1
cases february,1
isolation multiple,1
disease published,1
serum urine,1
health commission,1
rework 200,1
specific medicine,1
upro positive,1
proper locations,1
support focused,1
capacities preventing,1
coronavirus domestic,1
protein pangolincov,1
considering responses,1
tencent suppressed,1
could detected,1
predicted data,1
similarity 2019ncov,1
2019ncov epidemic,1
severe epidemic,1
country currently,1
covid19 urgently,1
clearance improve,1
epidemic potential,1
higher risk,1
2020 found,1
outbreaks including,1
patterns prediction,1
running hospital,1
emerged key,1
number 2019ncov,1
studies topic,1
deaths coming,1
cities outside,1
efforts chinese,1
plan treatment,1
angiotensinconverting enzyme,1
associated significant,1
quarantined put,1
growth expected,1
effective management,1
school semester,1
ct examinationsome,1
2020 still,1
2019ncov renamed,1
recommend consensusbased,1
started wuhan,1
high majority,1
well pathogenesis,1
september 2019,1
also involves,1
measures adopted,1
wuhan virus,1
used preliminary,1
publication peerreviewed,1
early stages,1
two special,1
uncertain important,1
falsenegative nucleic,1
quicker control,1
incidence predicted,1
ongoing novel,1
counts 2019ncov,1
focused findings,1
later date,1
infection focused,1
rapid intensive,1
moreover present,1
appeared lancet,1
cases new,1
responses 2019ncov,1
opacities ct,1
reflection effective,1
outbreak brought,1
province research,1
presenting low,1
reduce harm,1
establish seiqdr,1
bionformatic predictions,1
taken chinese,1
program reverse,1
2019 covid19,1
strict prevention,1
epidemic disease,1
closely related,1
helped slowing,1
geographic differences,1
frustration boredom,1
epitope responses,1
increasing cases,1
virus total,1
happened epidemic,1
hubei reflection,1
findings might,1
intensive measures,1
braked soon,1
combination therapy,1
transmissible routes,1
exported chinese,1
cases around,1
effective treatment,1
lowest common,1
persons could,1
virus demonstrated,1
responses virus,1
infection lower,1
transmissibility related,1
26 2020,1
although disease,1
numbers cases,1
january 31,1
epitope database,1
maintaining current,1
covid19 epidemic,1
shock symptoms,1
patients third,1
measures needed,1
2019ncov first,1
history potential,1
samples tested,1
late december,1
method used,1
spread direct,1
transmission trend,1
might open,1
although number,1
patients effectively,1
parameterized model,1
population generally,1
transmitted 25,1
work earlier,1
field based,1
evidence conducted,1
new virus,1
network design,1
could matched,1
reduce medical,1
put forward,1
responses scientists,1
diagnosis management,1
explore potential,1
challenge novel,1
employed considered,1
chinese center,1
lower outside,1
possibility epidemic,1
isolated thereby,1
preprint appeared,1
rate deaths,1
million migrant,1
basis clinical,1
capacity building,1
infection mortality,1
understanding growth,1
needed considering,1
strategies taken,1
prevent complications,1
equal sum,1
reviewed studies,1
conjunctiva may,1
areas relationship,1
2020 genomic,1
left wuhan,1
disease postulated,1
humantohuman transmission,1
priori potential,1
china provinces,1
february lancet,1
patients wuhanviral,1
countries management,1
process model,1
syndrome combination,1
mar10 2020,1
hubei results,1
ocular transmissible,1
health covid19,1
use information,1
control covid19,1
japan vulnerable,1
provide clear,1
varying level,1
may transmission,1
apply quarantine,1
korea hong,1
line epidemic,1
recently corona,1
also testing,1
including potential,1
well conventional,1
rationale quarantine,1
disease 2019,1
diagnosis association,1
rapidly spread,1
cases estimated,1
criteria hubei,1
coronavirus pneumonia,1
use reported,1
high infectiousness,1
impose significant,1
aggravate crf,1
closure city,1
patients confirmed,1
prevention undoubtedly,1
medical service,1
establishing covid19,1
parameterize model,1
infection abnormal,1
lead worsening,1
outbreak would,1
induced renal,1
43000 cases,1
identified priori,1
highincome lowincome,1
preprint estimate,1
hubei virus,1
risk epidemic,1
vulnerable areas,1
social distancing,1
lower one,1
potential treatment,1
fatigue light,1
prone mildly,1
often demonstrated,1
achieve 18,1
nationwide particular,1
generated spiking,1
feasible diagnostic,1
coronavirus medical,1
potential cause,1
china late,1
light type,1
accompanied symptoms,1
systems manage,1
insomnia medical,1
staying leaving,1
sign ocular,1
management covid19,1
implies short,1
currently standard,1
diagnosis ensure,1
strengthen protection,1
period increased,1
effective countermeasures,1
study describes,1
serial interval,1
place operational,1
pathogenicity virus,1
epidemic threat,1
probability regions,1
highlight responses,1
symptoms occur,1
infection observed,1
population migration,1
prognostic factor,1
1 2020,1
paper formulates,1
groundgrass opacities,1
growth period,1
controlled daily,1
epidemics still,1
regions china,1
officials quarantine,1
studies generated,1
eosinophil count,1
key regulator,1
communities beijing,1
factors including,1
used immune,1
renal impairment,1
covid19 highly,1
due falsenegative,1
followed several,1
significant age,1
key final,1
range 20,1
method quickly,1
parts hubei,1
outbreaks casualties,1
found cumulative,1
recent emergence,1
results sharp,1
inflammatory form,1
severe illness,1
testing related,1
may impose,1
followed dyspnea,1
200 million,1
turning points,1
supports randomized,1
ground glass,1
early treatment,1
radiologic images,1
alteration demonstrated,1
concluded new,1
occupation doctor,1
pathophysiological clinical,1
protect mental,1
viruses vaccine,1
started decelerate,1
allow faster,1
therefore mortality,1
infection mass,1
age medical,1
reasonable speculate,1
implemented publichealth,1
epidemic wuhan,1
december 1,1
origin probable,1
pneumonia appeared,1
china even,1
forward potential,1
city wuhan,1
especially regions,1
perform datadriven,1
slowly february,1
authorities contribute,1
key task,1
different social,1
countries implementing,1
government consider,1
suffering virus,1
assessments fully,1
provinces spread,1
thirdgeneration cases,1
take atypical,1
2019 spread,1
simulation model,1
adjustment protective,1
class ignored,1
fatigue ards,1
high sequence,1
mild dyspnea,1
responding 2019ncov,1
present paper,1
effects quarantine,1
social care,1
screening probable,1
effective postponing,1
clinical diagnosis,1
treats human,1
total infections,1
one hubei,1
clear 29,1
association indexes,1
infection present,1
2019 china,1
avoid missed,1
control tight,1
articles addressed,1
point counterbalance,1
common symptoms,1
data far,1
january 27th,1
another key,1
confusion anger,1
wuhan also,1
hierarchical management,1
level 2019ncov,1
sarscov2 could,1
index covid19,1
date data,1
modeling methods,1
symptoms seek,1
virus spread,1
mild illness,1
prepared possible,1
installing operating,1
patients accompanied,1
complications secondary,1
diagnoses parameters,1
make confusing,1
psychological burden,1
controlling 2019ncov,1
may crucial,1
epidemic originated,1
paper aim,1
epidemic coronavirus,1
writing may,1
healthcare associated,1
data jan20,1
clinical parameters,1
surveillance efficient,1
consensusbased approach,1
based best,1
vulnerability dynamic,1
mass onset,1
identifying infection,1
china dec,1
digestive system,1
week illness,1
model parameterized,1
suffered insomnia,1
topic area,1
moreover age,1
isolation wards,1
database analysis,1
findings prior,1
conclusion properly,1
outbreak coronavirus,1
critical step,1
aminoacid mutations,1
china world,1
mixed ggo,1
age limit,1
patients experience,1
review majority,1
23 2020,1
calculated 63,1
host 2019ncov,1
duly isolated,1
effective solution,1
associated higher,1
predicted early,1
virus patient,1
2020 perform,1
papers diagnostic,1
closure wuhan,1
death recovered,1
also observed,1
dead malayan,1
index predict,1
spatiotemporal risk,1
epidemic propagation,1
map similarity,1
seek prompt,1
information financial,1
extensive ggo,1
formulates novel,1
distribution characteristics,1
need prepared,1
recommendation continuous,1
extremely infectious,1
could accelerate,1
due traffic,1
still uncertain,1
human may,1
efficient measures,1
data predict,1
significant low,1
diagnostic method,1
outbreak implies,1
level isolation,1
virus covid19,1
living learning,1
improve capacities,1
2019ncov countries,1
2003 knowledge,1
requires government,1
risk progression,1
epidemic transmission,1
10 depending,1
19 2020,1
sequence samples,1
5 10,1
tests may,1
23 necessary,1
correlation emigration,1
recognize possible,1
feb11 2020,1
feb1 2020,1
prohibited prevent,1
stop disease,1
arbidol could,1
contacts strict,1
2019ncov results,1
quarantine people,1
qrtpcr specificity,1
care resources,1
coronavirus rna,1
big data,1
ace2 completely,1
substantially higher,1
cell epitopes,1
effect epidemic,1
throughout world,1
pangolins pangolincov,1
guangzhou zhejiang,1
isolation early,1
ct features,1
novel identified,1
effective quarantine,1
based testing,1
lung extensive,1
rate mainland,1
homodirectional impact,1
taken country,1
areas overwhelmed,1
catalog available,1
supervision department,1
articles published,1
60 days,1
clinical evidence,1
ongoing largescale,1
rapid identification,1
predict trend,1
jan20 feb11,1
paper select,1
onset result,1
scenario travel,1
effects including,1
provided evidence,1
uncertainty future,1
3000 cases,1
people suffering,1
intervention highly,1
network delivering,1
news media,1
manifestations patients,1
data tools,1
within first,1
present review,1
generated considerable,1
human movement,1
risk assessments,1
need fulfilment,1
imported 2019ncov,1
role ace2,1
logistics service,1
measurements followup,1
already good,1
province results,1
detect control,1
ecmo necessary,1
epidemic even,1
sarscov high,1
ocular conjunctival,1
estimation implication,1
exist commitment,1
sustained transmission,1
stressed publicity,1
infected cases,1
journals 2019ncov,1
disease due,1
strategies total,1
method identifying,1
beijing population,1
cumulative counts,1
importance close,1
particular spring,1
authoritative statistics,1
infection occult,1
pcr qrtpcr,1
interaction human,1
mutations occur,1
rtpcr assay,1
factors among,1
pattern multifocal,1
infection causes,1
however drastic,1
2nd cumulative,1
screening measures,1
protection ibd,1
assisting critical,1
achieve covid19,1
number reported,1
postponing relaxation,1
may range,1
standard covid19,1
minutes simulated,1
psychological factors,1
muscle soreness,1
workers family,1
storm higher,1
improve confirmed,1
solution managing,1
china reduce,1
lower lung,1
study ocular,1
rate exceeded,1
2019nov coronavirus,1
reduce demand,1
pyroptosis novel,1
according simulation,1
announced recently,1
speculate outbreak,1
times total,1
predictions 2019ncov,1
setting provided,1
2019novel coronavirus,1
limit infectivity,1
understand monitor,1
patients recent,1
use arbidol,1
incinerators proper,1
contain spread,1
test quantitative,1
current declines,1
cases identified,1
globally novel,1
influenza virus,1
impact factors,1
subset alteration,1
public classified,1
high exponential,1
model project,1
future tendency,1
illness onset,1
sars outbreak,1
early warning,1
cause obvious,1
readiness contain,1
model identify,1
difficult detect,1
transmission 2019ncov,1
suggest arbidol,1
worries covid19,1
protection infection,1
review primarily,1
epidemic forward,1
treat timely,1
emergency cities,1
well vaccines,1
mass morbidity,1
transmission found,1
regions health,1
traffic control,1
manner lead,1
future pandemic,1
mortality studied,1
important know,1
sars broken,1
transcription pcr,1
provides insights,1
early identification,1
since severe,1
provided ratio,1
pose significant,1
china series,1
origin epidemiology,1
upper respiratory,1
strengthen global,1
outbreaks cities,1
china also,1
disease propagation,1
modeling study,1
baricitinib potential,1
expected peak,1
involved interaction,1
risk medical,1
contagious causes,1
bilateral lungs,1
longer wuhan,1
avoid possible,1
covid19 pneumonia,1
lessons sarscov,1
illness admission,1
low risk,1
novel accurate,1
combine publicly,1
2019ncov novel,1
icu significantly,1
complications sign,1
novel corona,1
published articles,1
spread 2019ncov,1
approach employed,1
may needed,1
scale infection,1
network medical,1
2019ncov overlap,1
scenarios generated,1
successful early,1
characteristics risk,1
covid19 china,1
imply coronavirus,1
transmissibility potential,1
demonstrated significant,1
40000 laboratoryconfirmed,1
viral clearance,1
data used,1
ai technology,1
full attention,1
journal fist,1
credible nonofficial,1
personal contact,1
person person,1
symptoms digestive,1
novel inflammatory,1
ibd patients,1
still maintained,1
model simulate,1
generally susceptible,1
cases mainland,1
analyses found,1
analysis forecasting,1
medicine likely,1
predominant hubei,1
countries vulnerability,1
detected liu,1
observed patients,1
laboratoryconfirmed infections,1
2020 hubei,1
organ function,1
samples covid19,1
understand domestic,1
appeared briefly,1
2020 significant,1
outbreak assessed,1
risk factors,1
occurred shows,1
capacities relation,1
system may,1
source virus,1
18 indexes,1
strength health,1
detection isolation,1
leaving wuhan,1
financial loss,1
ensure sufficient,1
increased psychological,1
first case,1
sarslike coronaviruses,1
efforts field,1
work since,1
considerable search,1
two weeks,1
worsening disease,1
overwhelmed approaches,1
shows wuhanviral,1
onefifth patients,1
march 26th,1
2019 transmitted,1
staffs front,1
infection covid19emphasis,1
healthcare systems,1
infection significantly,1
data sets,1
severe cases,1
also linear,1
detection however,1
good impact,1
shanghai beijing,1
actively prevent,1
outbreak began,1
system significant,1
exposure already,1
evidence healthcare,1
person main,1
analyze possible,1
ùëÖùëê one,1
valuable indicator,1
risk death,1
prevent transmission,1
insisted epidemic,1
necessary effective,1
determined existing,1
11177 paper,1
covid19 hence,1
found one,1
covid19 countries,1
studied origin,1
covid19emphasis falsenegative,1
environment effect,1
account avoid,1
infecting older,1
terms capacity,1
management strategies,1
insights pathophysiological,1
workers 2019ncov,1
acp index,1
nevertheless strict,1
early middle,1
chest ct,1
wards aid,1
authorities leadership,1
cell death,1
prognosis patients,1
spreading world,1
therapy hospitalization,1
sarscov2 released,1
spread responsive,1
pangolincov 9102,1
features hospitalized,1
province reached,1
mortality caused,1
auscultation readily,1
governments provide,1
treatment intervention,1
situation hubei,1
analysis future,1
transmissible virus,1
occur small,1
assembly multiple,1
ancestor 2019ncov,1
time writing,1
cardiovascular cv,1
controlled reproduction,1
rapid diagnostic,1
evaluate countrys,1
spiking serum,1
sars peak,1
medical epidemic,1
block stressed,1
patients probability,1
patients diabetes,1
needed control,1
first imported,1
global pandemic,1
2020 currently,1
psychological worries,1
possible risk,1
response potential,1
among participants,1
efficient management,1
beijing number,1
fast speed,1
speed china,1
measures still,1
interval covid19,1
late september,1
control outward,1
measures prevent,1
february 22nd,1
outbreak conclusion,1
capacities highly,1
fellow workers,1
may allow,1
efficiently stop,1
longer quarantine,1
using rtlamp,1
contribute prevention,1
lower accounts,1
strengthen ability,1
mostly infecting,1
hubei china,1
taiwan south,1
weeks since,1
high intensity,1
icu entry,1
probability admission,1
quarantine longer,1
related level,1
global perspective,1
decisions apply,1
used monitoring,1
nasopharyngeal swabs,1
infections treat,1
covid19 predominant,1
treatment plan,1
bedside isolation,1
prevent emergence,1
lymphocyte subset,1
pandemic diseases,1
action strengthen,1
severe respiratory,1
day cumulative,1
populations china,1
contact ncp,1
case study,1
morbidity rigorous,1
patients observational,1
consider tilt,1
assessed compared,1
demonstrated highly,1
still keep,1
data would,1
postpone apr,1
9055 identical,1
increasing china,1
transcription loopmediated,1
disease like,1
resumption stringent,1
computational results,1
exponentially increased,1
one order,1
collaboration states,1
recommended patients,1
cases well,1
evidences occurrence,1
degree lymphopenia,1
infections 1000,1
city effective,1
need relevant,1
outbreak using,1
east respiratory,1
journal 16,1
widely spreads,1
